1,2,2,3,1,-12,0,  0,   0,   0,  0.000, 7.5313,140.3529, 2.4827,17.2639, 0.0000, 0.4363, 0.0000, 0.0074, 0.0025, 0.3856, 0.0480, 0.1000, 4.4111,10.9425,401.2139, 0.0000,
1,2,2,3,1,  0,0,  0,   0,   0,  0.000, 0.3270, 3.5124, 6.9149,49.0726, 0.0000, 0.9996, 0.0000, 0.0003, 0.0038, 0.0200, 0.0153, 0.0353, 0.0000, 7.1925,342.0016, 0.7575,
1,2,2,3,1,  1,0,  0,   0,   0,  0.000, 0.2848, 4.0676, 6.7926,48.2392, 0.0000, 0.9681, 0.0000, 0.0003, 0.0038, 0.0143, 0.0120, 0.0197, 0.1140, 7.1038,335.2503, 0.7575,
1,2,2,3,1,  2,0,  0,   0,   0,  0.000, 0.4540, 7.0421, 6.6515,47.2188, 0.0000, 0.9520, 0.0000, 0.0005, 0.0047, 0.0232, 0.0137, 0.0238, 0.2245, 7.1725,336.1533, 0.7575,
1,2,2,3,1,  3,0,  0,   0,   0,  0.000, 0.6200, 9.9726, 6.5170,46.2466, 0.0000, 0.9366, 0.0000, 0.0007, 0.0049, 0.0320, 0.0154, 0.0277, 0.3318, 7.2421,337.1298, 0.7575,
1,2,2,3,1,  4,0,  0,   0,   0,  0.000, 0.7830,12.8596, 6.3877,45.3120, 0.0000, 0.9218, 0.0000, 0.0009, 0.0049, 0.0405, 0.0169, 0.0314, 0.4360, 7.3115,338.1269, 0.7575,
1,2,2,3,1,  5,0,  0,   0,   0,  0.000, 0.9429,15.7021, 6.2631,44.4116, 0.0000, 0.9074, 0.0000, 0.0011, 0.0048, 0.0489, 0.0184, 0.0349, 0.5374, 7.3805,339.1312, 0.7575,
1,2,2,3,1,  6,0,  0,   0,   0,  0.000, 1.0998,18.4994, 6.1429,43.5433, 0.0000, 0.8936, 0.0000, 0.0013, 0.0048, 0.0572, 0.0198, 0.0382, 0.6360, 7.4489,340.1386, 0.7575,
1,2,2,3,1,  7,0,  0,   0,   0,  0.000, 1.2536,21.2509, 6.0269,42.7058, 0.0000, 0.8802, 0.0000, 0.0015, 0.0047, 0.0652, 0.0212, 0.0414, 0.7319, 7.5168,341.1470, 0.7575,
1,2,2,3,1,  8,0,  0,   0,   0,  0.000, 1.4044,23.9561, 5.9150,41.8979, 0.0000, 0.8672, 0.0000, 0.0016, 0.0046, 0.0731, 0.0224, 0.0444, 0.8252, 7.5839,342.1554, 0.7575,
1,2,2,3,1,  9,0,  0,   0,   0,  0.000, 1.5521,26.6147, 5.8070,41.1183, 0.0000, 0.8546, 0.0000, 0.0018, 0.0046, 0.0809, 0.0237, 0.0473, 0.9159, 7.6504,343.1626, 0.7575,
1,2,2,3,1, 10,0,  0,   0,   0,  0.000, 1.6969,29.2264, 5.7028,40.3661, 0.0000, 0.8425, 0.0000, 0.0020, 0.0045, 0.0884, 0.0249, 0.0501, 1.0042, 7.7161,344.1674, 0.7575,
1,2,2,3,1, 11,0,  0,   0,   0,  0.000, 1.8386,31.7913, 5.6022,39.6400, 0.0000, 0.8307, 0.0000, 0.0021, 0.0044, 0.0958, 0.0260, 0.0527, 1.0902, 7.7811,345.1688, 0.7575,
1,2,2,3,1, 12,0,  0,   0,   0,  0.000, 1.9773,34.3092, 5.5051,38.9391, 0.0000, 0.8194, 0.0000, 0.0023, 0.0044, 0.1030, 0.0271, 0.0552, 1.1738, 7.8453,346.1659, 0.7575,
1,2,2,3,1, 13,0,  0,   0,   0,  0.000, 2.1132,36.7804, 5.4113,38.2625, 0.0000, 0.8083, 0.0000, 0.0024, 0.0043, 0.1101, 0.0281, 0.0575, 1.2552, 7.9087,347.1577, 0.7575,
1,2,2,3,1, 14,0,  0,   0,   0,  0.000, 2.2461,39.2049, 5.3207,37.6091, 0.0000, 0.7977, 0.0000, 0.0026, 0.0043, 0.1170, 0.0291, 0.0598, 1.3344, 7.9713,348.1435, 0.7575,
1,2,2,3,1, 15,0,  0,   0,   0,  0.000, 2.3762,41.5829, 5.2332,36.9782, 0.0000, 0.7873, 0.0000, 0.0027, 0.0042, 0.1237, 0.0300, 0.0619, 1.4116, 8.0330,349.1223, 0.7575,
1,2,2,3,1, 16,0,  0,   0,   0,  0.000, 2.5034,43.9146, 5.1486,36.3688, 0.0000, 0.7773, 0.0000, 0.0028, 0.0042, 0.1303, 0.0309, 0.0640, 1.4866, 8.0938,350.0936, 0.7575,
1,2,2,3,1, 17,0,  0,   0,   0,  0.000, 2.6279,46.2005, 5.0670,35.7801, 0.0000, 0.7676, 0.0000, 0.0030, 0.0041, 0.1368, 0.0317, 0.0659, 1.5598, 8.1538,351.0567, 0.7575,
1,2,2,3,1, 18,0,  0,   0,   0,  0.000, 2.7496,48.4408, 4.9880,35.2114, 0.0000, 0.7582, 0.0000, 0.0031, 0.0041, 0.1431, 0.0325, 0.0678, 1.6309, 8.2128,352.0109, 0.7575,
1,2,2,3,1, 19,0,  0,   0,   0,  0.000, 2.8685,50.6359, 4.9118,34.6619, 0.0000, 0.7491, 0.0000, 0.0032, 0.0040, 0.1492, 0.0333, 0.0695, 1.7003, 8.2710,352.9557, 0.7575,
1,2,2,3,1, 20,0,  0,   0,   0,  0.000, 2.9849,52.7863, 4.8381,34.1308, 0.0000, 0.7403, 0.0000, 0.0033, 0.0040, 0.1552, 0.0341, 0.0712, 1.7678, 8.3282,353.8907, 0.7575,
1,2,2,3,1, 21,0,  0,   0,   0,  0.000, 3.0986,54.8923, 4.7668,33.6176, 0.0000, 0.7317, 0.0000, 0.0034, 0.0039, 0.1611, 0.0348, 0.0728, 1.8335, 8.3845,354.8153, 0.7575,
1,2,2,3,1, 22,0,  0,   0,   0,  0.000, 3.2097,56.9545, 4.6979,33.1214, 0.0000, 0.7234, 0.0000, 0.0036, 0.0039, 0.1668, 0.0354, 0.0743, 1.8975, 8.4399,355.7292, 0.7575,
1,2,2,3,1, 23,0,  0,   0,   0,  0.000, 3.3183,58.9733, 4.6313,32.6418, 0.0000, 0.7154, 0.0000, 0.0037, 0.0039, 0.1724, 0.0361, 0.0758, 1.9599, 8.4944,356.6320, 0.7575,
1,2,2,3,1, 24,0,  0,   0,   0,  0.000, 3.4244,60.9494, 4.5668,32.1780, 0.0000, 0.7076, 0.0000, 0.0038, 0.0038, 0.1779, 0.0367, 0.0771, 2.0206, 8.5479,357.5234, 0.7575,
1,2,2,3,1, 25,0,  0,   0,   0,  0.000, 3.5280,62.8831, 4.5045,31.7295, 0.0000, 0.7000, 0.0000, 0.0039, 0.0038, 0.1832, 0.0373, 0.0785, 2.0798, 8.6005,358.4032, 0.7575,
1,2,2,3,1, 26,0,  0,   0,   0,  0.000, 3.6293,64.7752, 4.4442,31.2958, 0.0000, 0.6927, 0.0000, 0.0040, 0.0037, 0.1884, 0.0378, 0.0797, 2.1374, 8.6522,359.2711, 0.7575,
1,2,2,3,1, 27,0,  0,   0,   0,  0.000, 3.7281,66.6261, 4.3859,30.8763, 0.0000, 0.6856, 0.0000, 0.0041, 0.0037, 0.1935, 0.0383, 0.0809, 2.1935, 8.7029,360.1268, 0.7575,
1,2,2,3,1, 28,0,  0,   0,   0,  0.000, 3.8247,68.4365, 4.3295,30.4704, 0.0000, 0.6787, 0.0000, 0.0042, 0.0037, 0.1984, 0.0388, 0.0820, 2.2482, 8.7528,360.9702, 0.7575,
1,2,2,3,1, 29,0,  0,   0,   0,  0.000, 3.9189,70.2069, 4.2749,30.0778, 0.0000, 0.6720, 0.0000, 0.0043, 0.0036, 0.2033, 0.0393, 0.0831, 2.3015, 8.8017,361.8012, 0.7575,
1,2,2,3,1, 30,0,  0,   0,   0,  0.000, 4.0110,71.9380, 4.2220,29.6978, 0.0000, 0.6655, 0.0000, 0.0044, 0.0036, 0.2080, 0.0398, 0.0841, 2.3534, 8.8497,362.6196, 0.7575,
1,2,2,3,1, 31,0,  0,   0,   0,  0.000, 4.1008,73.6304, 4.1709,29.3301, 0.0000, 0.6592, 0.0000, 0.0044, 0.0036, 0.2126, 0.0402, 0.0851, 2.4040, 8.8968,363.4254, 0.7575,
1,2,2,3,1, 32,0,  0,   0,   0,  0.000, 4.1885,75.2848, 4.1214,28.9743, 0.0000, 0.6531, 0.0000, 0.0045, 0.0035, 0.2171, 0.0406, 0.0860, 2.4533, 8.9430,364.2184, 0.7575,
1,2,2,3,1, 33,0,  0,   0,   0,  0.000, 4.2741,76.9016, 4.0734,28.6298, 0.0000, 0.6472, 0.0000, 0.0046, 0.0035, 0.2214, 0.0410, 0.0869, 2.5014, 8.9883,364.9987, 0.7575,
1,2,2,3,1, 34,0,  0,   0,   0,  0.000, 4.3577,78.4817, 4.0270,28.2964, 0.0000, 0.6414, 0.0000, 0.0047, 0.0035, 0.2257, 0.0414, 0.0877, 2.5482, 9.0327,365.7661, 0.7575,
1,2,2,3,1, 35,0,  0,   0,   0,  0.000, 4.4392,80.0255, 3.9821,27.9735, 0.0000, 0.6358, 0.0000, 0.0048, 0.0034, 0.2299, 0.0418, 0.0885, 2.5938, 9.0762,366.5207, 0.7575,
1,2,2,3,1, 36,0,  0,   0,   0,  0.000, 4.5187,81.5339, 3.9385,27.6609, 0.0000, 0.6304, 0.0000, 0.0048, 0.0034, 0.2339, 0.0421, 0.0892, 2.6383, 9.1189,367.2625, 0.7575,
1,2,2,3,1, 37,0,  0,   0,   0,  0.000, 4.5963,83.0073, 3.8964,27.3582, 0.0000, 0.6252, 0.0000, 0.0049, 0.0034, 0.2379, 0.0424, 0.0900, 2.6816, 9.1607,367.9915, 0.7575,
1,2,2,3,1, 38,0,  0,   0,   0,  0.000, 4.6720,84.4465, 3.8555,27.0650, 0.0000, 0.6200, 0.0000, 0.0050, 0.0034, 0.2417, 0.0427, 0.0906, 2.7238, 9.2017,368.7078, 0.7575,
1,2,2,3,1, 39,0,  0,   0,   0,  0.000, 4.7458,85.8520, 3.8160,26.7810, 0.0000, 0.6151, 0.0000, 0.0050, 0.0033, 0.2455, 0.0430, 0.0913, 2.7650, 9.2418,369.4113, 0.7575,
1,2,2,3,1, 40,0,  0,   0,   0,  0.000, 4.8179,87.2246, 3.7776,26.5059, 0.0000, 0.6103, 0.0000, 0.0051, 0.0033, 0.2492, 0.0433, 0.0919, 2.8052, 9.2812,370.1021, 0.7575,
1,2,2,3,1, 41,0,  0,   0,   0,  0.000, 4.8881,88.5648, 3.7405,26.2394, 0.0000, 0.6056, 0.0000, 0.0052, 0.0033, 0.2527, 0.0436, 0.0925, 2.8443, 9.3197,370.7804, 0.7575,
1,2,2,3,1, 42,0,  0,   0,   0,  0.000, 4.9566,89.8732, 3.7045,25.9811, 0.0000, 0.6010, 0.0000, 0.0052, 0.0033, 0.2562, 0.0439, 0.0930, 2.8824, 9.3574,371.4462, 0.7575,
1,2,2,3,1, 43,0,  0,   0,   0,  0.000, 5.0234,91.1506, 3.6696,25.7309, 0.0000, 0.5966, 0.0000, 0.0053, 0.0032, 0.2596, 0.0441, 0.0936, 2.9196, 9.3943,372.0996, 0.7575,
1,2,2,3,1, 44,0,  0,   0,   0,  0.000, 5.0886,92.3975, 3.6358,25.4883, 0.0000, 0.5923, 0.0000, 0.0054, 0.0032, 0.2629, 0.0443, 0.0941, 2.9559, 9.4304,372.7407, 0.7575,
1,2,2,3,1, 45,0,  0,   0,   0,  0.000, 5.1521,93.6145, 3.6030,25.2533, 0.0000, 0.5882, 0.0000, 0.0054, 0.0032, 0.2662, 0.0446, 0.0945, 2.9912, 9.4657,373.3696, 0.7575,
1,2,2,3,1, 46,0,  0,   0,   0,  0.000, 5.2140,94.8023, 3.5712,25.0255, 0.0000, 0.5841, 0.0000, 0.0055, 0.0032, 0.2693, 0.0448, 0.0950, 3.0257, 9.5003,373.9864, 0.7575,
1,2,2,3,1, 47,0,  0,   0,   0,  0.000, 5.2744,95.9614, 3.5404,24.8046, 0.0000, 0.5802, 0.0000, 0.0055, 0.0032, 0.2724, 0.0450, 0.0954, 3.0593, 9.5342,374.5913, 0.7575,
1,2,2,3,1, 48,0,  0,   0,   0,  0.000, 5.3332,97.0924, 3.5105,24.5905, 0.0000, 0.5764, 0.0000, 0.0056, 0.0031, 0.2753, 0.0452, 0.0958, 3.0920, 9.5673,375.1843, 0.7575,
1,2,2,3,1, 49,0,  0,   0,   0,  0.000, 5.3906,98.1960, 3.4815,24.3829, 0.0000, 0.5726, 0.0000, 0.0056, 0.0031, 0.2783, 0.0453, 0.0962, 3.1240, 9.5997,375.7657, 0.7575,
1,2,2,3,1, 50,0,  0,   0,   0,  0.000, 5.4465,99.2728, 3.4534,24.1816, 0.0000, 0.5690, 0.0000, 0.0057, 0.0031, 0.2811, 0.0455, 0.0965, 3.1551, 9.6314,376.3355, 0.7575,
1,2,2,3,1, 51,0,  0,   0,   0,  0.000, 5.5010,100.3232, 3.4262,23.9863, 0.0000, 0.5655, 0.0000, 0.0057, 0.0031, 0.2838, 0.0457, 0.0969, 3.1855, 9.6624,376.8939, 0.7575,
1,2,2,3,1, 52,0,  0,   0,   0,  0.000, 5.5542,101.3479, 3.3997,23.7970, 0.0000, 0.5621, 0.0000, 0.0058, 0.0031, 0.2865, 0.0458, 0.0972, 3.2151, 9.6927,377.4411, 0.7575,
1,2,2,3,1, 53,0,  0,   0,   0,  0.000, 5.6059,102.3474, 3.3741,23.6134, 0.0000, 0.5588, 0.0000, 0.0058, 0.0031, 0.2892, 0.0460, 0.0975, 3.2440, 9.7224,377.9772, 0.7575,
1,2,2,3,1, 54,0,  0,   0,   0,  0.000, 5.6564,103.3223, 3.3492,23.4352, 0.0000, 0.5556, 0.0000, 0.0059, 0.0030, 0.2917, 0.0461, 0.0978, 3.2721, 9.7513,378.5023, 0.7575,
1,2,2,3,1, 55,0,  0,   0,   0,  0.000, 5.7056,104.2731, 3.3251,23.2624, 0.0000, 0.5524, 0.0000, 0.0059, 0.0030, 0.2942, 0.0463, 0.0981, 3.2996, 9.7797,379.0167, 0.7575,
1,2,2,3,1, 56,0,  0,   0,   0,  0.000, 5.7535,105.2003, 3.3016,23.0947, 0.0000, 0.5494, 0.0000, 0.0060, 0.0030, 0.2966, 0.0464, 0.0983, 3.3264, 9.8074,379.5204, 0.7575,
1,2,2,3,1, 57,0,  0,   0,   0,  0.000, 5.8002,106.1046, 3.2789,22.9321, 0.0000, 0.5464, 0.0000, 0.0060, 0.0030, 0.2990, 0.0465, 0.0986, 3.3525, 9.8344,380.0136, 0.7575,
1,2,2,3,1, 58,0,  0,   0,   0,  0.000, 5.8457,106.9863, 3.2568,22.7742, 0.0000, 0.5435, 0.0000, 0.0060, 0.0030, 0.3013, 0.0466, 0.0988, 3.3780, 9.8609,380.4966, 0.7575,
1,2,2,3,1, 59,0,  0,   0,   0,  0.000, 5.8900,107.8461, 3.2354,22.6210, 0.0000, 0.5407, 0.0000, 0.0061, 0.0030, 0.3035, 0.0468, 0.0990, 3.4029, 9.8868,380.9693, 0.7575,
1,2,2,3,1, 60,0,  0,   0,   0,  0.000, 5.9331,108.6844, 3.2146,22.4724, 0.0000, 0.5380, 0.0000, 0.0061, 0.0029, 0.3057, 0.0469, 0.0992, 3.4271, 9.9120,381.4321, 0.7575,
1,2,2,2,1,-12,0,  0,   0,   0,  0.000, 7.5313,140.3529, 2.4827,17.2639, 0.0000, 0.4363, 0.0000, 0.0074, 0.0025, 0.3856, 0.0480, 0.1000, 4.4111,10.9425,401.2139, 0.0000,
1,2,2,2,1,  0,0,  0,   0,   0,  0.000, 0.3270, 3.5124, 6.9149,49.0726, 0.0000, 0.9996, 0.0000, 0.0003, 0.0038, 0.0200, 0.0153, 0.0353, 0.0000, 7.1925,342.0016, 0.7575,
1,2,2,2,1,  1,0,  0,   0,   0,  0.000, 0.4337, 5.3729, 6.6811,47.3566, 0.1141, 0.9542, 0.0000, 0.0003, 0.0021, 0.0271, 0.0211, 0.0291, 0.1738, 7.1544,166.5667, 0.7575,
1,2,2,2,1,  2,0,  0,   0,   0,  0.000, 0.7826, 9.6951, 6.4017,45.2870, 0.3154, 0.9154, 0.0000, 0.0009, 0.0021, 0.0461, 0.0382, 0.0357, 0.3479, 7.3524,163.0117, 0.7575,
1,2,2,2,1,  3,0,  0,   0,   0,  0.000, 1.1385,14.2824, 6.1357,43.3581, 0.5297, 0.8766, 0.0000, 0.0015, 0.0041, 0.0656, 0.0516, 0.0371, 0.5136, 7.5723,159.5881, 0.7575,
1,2,2,2,1,  4,0,  0,   0,   0,  0.000, 1.5594,19.9592, 5.8842,41.5613, 0.7677, 0.8394, 0.0000, 0.0020, 0.0055, 0.0902, 0.0623, 0.0361, 0.6710, 7.8439,157.3903, 0.7575,
1,2,2,2,1,  5,0,  0,   0,   0,  0.000, 1.9491,25.3142, 5.6482,39.8882, 0.9829, 0.8048, 0.0000, 0.0025, 0.0065, 0.1129, 0.0707, 0.0342, 0.8204, 8.0963,154.6402, 0.7575,
1,2,2,2,1,  6,0,  0,   0,   0,  0.000, 2.2855,29.8946, 5.4278,38.3337, 1.1725, 0.7726, 0.0000, 0.0029, 0.0072, 0.1326, 0.0772, 0.0317, 0.9625, 8.3152,150.9556, 0.7575,
1,2,2,2,1,  7,0,  0,   0,   0,  0.000, 2.5872,33.9919, 5.2222,36.8905, 1.3439, 0.7427, 0.0000, 0.0033, 0.0077, 0.1505, 0.0825, 0.0290, 1.0977, 8.5133,146.6593, 0.7575,
1,2,2,2,1,  8,0,  0,   0,   0,  0.000, 2.8792,37.9787, 5.0296,35.5409, 1.5082, 0.7147, 0.0000, 0.0036, 0.0077, 0.1681, 0.0870, 0.0262, 1.2264, 8.7066,142.1791, 0.7575,
1,2,2,2,1,  9,0,  0,   0,   0,  0.000, 3.1575,41.6817, 4.8498,34.2789, 1.6699, 0.6888, 0.0000, 0.0039, 0.0075, 0.1855, 0.0915, 0.0241, 1.3491, 8.8942,137.5111, 0.7575,
1,2,2,2,1, 10,0,  0,   0,   0,  0.000, 3.4299,45.2572, 4.6815,33.0922, 1.8262, 0.6647, 0.0000, 0.0043, 0.0070, 0.2025, 0.0963, 0.0227, 1.4661, 9.0797,132.6781, 0.7575,
1,2,2,2,1, 11,0,  0,   0,   0,  0.000, 3.6800,48.5208, 4.5231,31.9701, 1.9683, 0.6423, 0.0000, 0.0046, 0.0064, 0.2179, 0.1014, 0.0219, 1.5778, 9.2505,127.3395, 0.7575,
1,2,2,2,1, 12,0,  0,   0,   0,  0.000, 3.9433,51.9776, 4.3543,30.8068, 2.1309, 0.6174, 0.0000, 0.0048, 0.0060, 0.2361, 0.1027, 0.0176, 1.6841, 9.4112,121.6677, 0.7575,
1,2,2,2,1, 13,0,  0,   0,   0,  0.000, 3.8368,50.0797, 4.3690,30.8727, 2.0658, 0.6217, 0.0000, 0.0051, 0.0071, 0.2219, 0.1117, 0.0221, 1.7399, 9.4464,307.2335, 0.7575,
1,2,2,2,1, 14,0,  0,   0,   0,  0.000, 3.9242,51.7095, 4.3025,30.3852, 2.0509, 0.6146, 0.0000, 0.0051, 0.0025, 0.2259, 0.1129, 0.0248, 1.8027, 9.4871,305.2875, 0.7575,
1,2,2,2,1, 15,0,  0,   0,   0,  0.000, 4.0081,53.3029, 4.2408,29.9367, 2.0371, 0.6079, 0.0000, 0.0052, 0.0031, 0.2299, 0.1136, 0.0270, 1.8648, 9.5294,303.4129, 0.7575,
1,2,2,2,1, 16,0,  0,   0,   0,  0.000, 4.0899,54.8685, 4.1816,29.5082, 2.0242, 0.6015, 0.0000, 0.0053, 0.0033, 0.2338, 0.1142, 0.0291, 1.9260, 9.5723,301.5122, 0.7575,
1,2,2,2,1, 17,0,  0,   0,   0,  0.000, 4.1702,56.4099, 4.1243,29.0934, 2.0123, 0.5952, 0.0000, 0.0053, 0.0033, 0.2377, 0.1146, 0.0310, 1.9863, 9.6155,299.5561, 0.7575,
1,2,2,2,1, 18,0,  0,   0,   0,  0.000, 4.2492,57.9284, 4.0685,28.6904, 2.0012, 0.5891, 0.0000, 0.0054, 0.0033, 0.2415, 0.1150, 0.0328, 2.0456, 9.6586,297.5329, 0.7575,
1,2,2,2,1, 19,0,  0,   0,   0,  0.000, 4.3270,59.4244, 4.0143,28.2985, 1.9909, 0.5831, 0.0000, 0.0055, 0.0032, 0.2453, 0.1153, 0.0345, 2.1038, 9.7018,295.4362, 0.7575,
1,2,2,2,1, 20,0,  0,   0,   0,  0.000, 4.4037,60.8979, 3.9615,27.9174, 1.9814, 0.5773, 0.0000, 0.0056, 0.0032, 0.2491, 0.1157, 0.0361, 2.1609, 9.7448,293.2609, 0.7575,
1,2,2,2,1, 21,0,  0,   0,   0,  0.000, 4.4793,62.3488, 3.9102,27.5468, 1.9725, 0.5715, 0.0000, 0.0057, 0.0032, 0.2528, 0.1160, 0.0377, 2.2168, 9.7877,291.0031, 0.7575,
1,2,2,2,1, 22,0,  0,   0,   0,  0.000, 4.5537,63.7768, 3.8603,27.1865, 1.9642, 0.5659, 0.0000, 0.0057, 0.0031, 0.2565, 0.1163, 0.0392, 2.2717, 9.8304,288.6588, 0.7575,
1,2,2,2,1, 23,0,  0,   0,   0,  0.000, 4.6269,65.1815, 3.8117,26.8363, 1.9566, 0.5605, 0.0000, 0.0058, 0.0031, 0.2601, 0.1166, 0.0407, 2.3255, 9.8728,286.2246, 0.7575,
1,2,2,2,1, 24,0,  0,   0,   0,  0.000, 4.6989,66.5626, 3.7646,26.4960, 1.9495, 0.5551, 0.0000, 0.0059, 0.0031, 0.2637, 0.1169, 0.0420, 2.3781, 9.9149,283.6969, 0.7575,
1,2,2,2,1, 25,0,  0,   0,   0,  0.000, 4.7697,67.9197, 3.7187,26.1653, 1.9428, 0.5499, 0.0000, 0.0060, 0.0031, 0.2672, 0.1171, 0.0433, 2.4297, 9.9566,281.0725, 0.7575,
1,2,2,2,1, 26,0,  0,   0,   0,  0.000, 4.8393,69.2525, 3.6742,25.8442, 1.9367, 0.5449, 0.0000, 0.0060, 0.0030, 0.2707, 0.1174, 0.0446, 2.4802, 9.9978,278.3480, 0.7575,
1,2,2,2,1, 27,0,  0,   0,   0,  0.000, 4.9076,70.5605, 3.6309,25.5324, 1.9309, 0.5399, 0.0000, 0.0061, 0.0030, 0.2741, 0.1176, 0.0458, 2.5295,10.0387,275.5202, 0.7575,
1,2,2,2,1, 28,0,  0,   0,   0,  0.000, 4.9745,71.8434, 3.5889,25.2299, 1.9255, 0.5351, 0.0000, 0.0062, 0.0030, 0.2775, 0.1178, 0.0469, 2.5778,10.0790,272.5859, 0.7575,
1,2,2,2,1, 29,0,  0,   0,   0,  0.000, 5.0402,73.1007, 3.5481,24.9363, 1.9205, 0.5304, 0.0000, 0.0062, 0.0030, 0.2808, 0.1180, 0.0480, 2.6251,10.1188,269.5419, 0.7575,
1,2,2,2,1, 30,0,  0,   0,   0,  0.000, 5.1044,74.3320, 3.5086,24.6518, 1.9157, 0.5258, 0.0000, 0.0063, 0.0029, 0.2840, 0.1182, 0.0490, 2.6713,10.1581,266.3848, 0.7575,
1,2,2,2,1, 31,0,  0,   0,   0,  0.000, 5.1672,75.5367, 3.4703,24.3762, 1.9112, 0.5214, 0.0000, 0.0063, 0.0029, 0.2872, 0.1184, 0.0500, 2.7165,10.1967,263.1115, 0.7575,
1,2,2,2,1, 32,0,  0,   0,   0,  0.000, 5.2285,76.7142, 3.4333,24.1095, 1.9068, 0.5171, 0.0000, 0.0064, 0.0029, 0.2903, 0.1185, 0.0509, 2.7606,10.2347,259.7186, 0.7575,
1,2,2,2,1, 33,0,  0,   0,   0,  0.000, 5.2883,77.8635, 3.3974,23.8519, 1.9026, 0.5129, 0.0000, 0.0065, 0.0029, 0.2934, 0.1187, 0.0518, 2.8037,10.2720,256.2029, 0.7575,
1,2,2,2,1, 34,0,  0,   0,   0,  0.000, 5.3464,78.9833, 3.3629,23.6036, 1.8985, 0.5089, 0.0000, 0.0065, 0.0029, 0.2963, 0.1188, 0.0527, 2.8459,10.3086,252.5610, 0.7575,
1,2,2,2,1, 35,0,  0,   0,   0,  0.000, 5.4026,80.0712, 3.3297,23.3652, 1.8942, 0.5050, 0.0000, 0.0066, 0.0028, 0.2992, 0.1189, 0.0535, 2.8869,10.3443,248.7896, 0.7575,
1,2,2,2,1, 36,0,  0,   0,   0,  0.000, 5.4564,81.1206, 3.2981,23.1382, 1.8895, 0.5013, 0.0000, 0.0066, 0.0028, 0.3019, 0.1189, 0.0542, 2.9269,10.3789,244.8853, 0.7575,
1,2,2,2,1, 37,0,  0,   0,   0,  0.000, 5.5038,82.0854, 3.2697,22.9347, 1.8822, 0.4980, 0.0000, 0.0067, 0.0031, 0.3042, 0.1189, 0.0549, 2.9658,10.4110,240.8439, 0.7575,
1,2,2,2,1, 38,0,  0,   0,   0,  0.000, 5.4616,82.5067, 3.2925,23.0817, 1.7401, 0.5045, 0.0000, 0.0067, 0.0102, 0.3010, 0.1141, 0.0586, 2.9674,10.3238,247.2010, 0.7575,
1,2,2,2,1, 39,0,  0,   0,   0,  0.000, 5.3942,82.6946, 3.3297,23.3353, 1.5746, 0.5133, 0.0000, 0.0066, 0.0128, 0.2965, 0.1078, 0.0624, 2.9660,10.2199,256.1594, 0.7575,
1,2,2,2,1, 40,0,  0,   0,   0,  0.000, 5.3099,82.7033, 3.3755,23.6522, 1.3971, 0.5235, 0.0000, 0.0065, 0.0144, 0.2909, 0.1009, 0.0661, 2.9634,10.1080,266.7783, 0.7575,
1,2,2,2,1, 41,0,  0,   0,   0,  0.000, 5.2178,82.6288, 3.4253,24.0014, 1.2176, 0.5340, 0.0000, 0.0064, 0.0153, 0.2845, 0.0939, 0.0693, 2.9609, 9.9967,278.2191, 0.7575,
1,2,2,2,1, 42,0,  0,   0,   0,  0.000, 5.1250,82.5522, 3.4753,24.3559, 1.0419, 0.5443, 0.0000, 0.0062, 0.0157, 0.2779, 0.0869, 0.0722, 2.9595, 9.8902,289.9872, 0.7575,
1,2,2,2,1, 43,0,  0,   0,   0,  0.000, 5.0352,82.5132, 3.5238,24.7007, 0.8716, 0.5541, 0.0000, 0.0060, 0.0158, 0.2713, 0.0801, 0.0748, 2.9596, 9.7893,301.8874, 0.7575,
1,2,2,2,1, 44,0,  0,   0,   0,  0.000, 4.9502,82.5295, 3.5697,25.0290, 0.7074, 0.5635, 0.0000, 0.0059, 0.0157, 0.2649, 0.0735, 0.0771, 2.9611, 9.6944,313.8021, 0.7575,
1,2,2,2,1, 45,0,  0,   0,   0,  0.000, 4.8718,82.6198, 3.6124,25.3350, 0.5502, 0.5722, 0.0000, 0.0057, 0.0154, 0.2588, 0.0671, 0.0792, 2.9641, 9.6059,325.6305, 0.7575,
1,2,2,2,1, 46,0,  0,   0,   0,  0.000, 4.8024,82.8119, 3.6508,25.6100, 0.4016, 0.5801, 0.0000, 0.0055, 0.0149, 0.2532, 0.0611, 0.0812, 2.9688, 9.5247,337.2026, 0.7575,
1,2,2,2,1, 47,0,  0,   0,   0,  0.000, 4.7434,83.1202, 3.6839,25.8483, 0.2622, 0.5871, 0.0000, 0.0054, 0.0143, 0.2483, 0.0553, 0.0831, 2.9754, 9.4511,348.4318, 0.7575,
1,2,2,2,1, 48,0,  0,   0,   0,  0.000, 4.6940,83.5334, 3.7123,26.0522, 0.1310, 0.5934, 0.0000, 0.0053, 0.0138, 0.2440, 0.0499, 0.0849, 2.9837, 9.3844,359.3343, 0.7575,
1,2,2,2,1, 49,0,  0,   0,   0,  0.000, 4.6485,83.9851, 3.7395,26.2453, 0.0000, 0.5996, 0.0000, 0.0051, 0.0136, 0.2400, 0.0448, 0.0869, 2.9905, 9.3170,371.2471, 0.7575,
1,2,2,2,1, 50,0,  0,   0,   0,  0.000, 4.7093,85.3398, 3.7112,26.0569, 0.0000, 0.5958, 0.0000, 0.0050, 0.0057, 0.2434, 0.0427, 0.0862, 3.0308, 9.3598,372.3524, 0.7575,
1,2,2,2,1, 51,0,  0,   0,   0,  0.000, 4.7766,86.7191, 3.6778,25.8209, 0.0000, 0.5916, 0.0000, 0.0050, 0.0040, 0.2469, 0.0420, 0.0865, 3.0684, 9.3997,373.2014, 0.7575,
1,2,2,2,1, 52,0,  0,   0,   0,  0.000, 4.8457,88.0933, 3.6439,25.5785, 0.0000, 0.5874, 0.0000, 0.0051, 0.0036, 0.2505, 0.0418, 0.0870, 3.1040, 9.4381,373.9499, 0.7575,
1,2,2,2,1, 53,0,  0,   0,   0,  0.000, 4.9149,89.4502, 3.6107,25.3399, 0.0000, 0.5832, 0.0000, 0.0051, 0.0034, 0.2540, 0.0418, 0.0876, 3.1380, 9.4754,374.6444, 0.7575,
1,2,2,2,1, 54,0,  0,   0,   0,  0.000, 4.9835,90.7834, 3.5783,25.1076, 0.0000, 0.5792, 0.0000, 0.0052, 0.0033, 0.2575, 0.0419, 0.0882, 3.1706, 9.5117,375.3028, 0.7575,
1,2,2,2,1, 55,0,  0,   0,   0,  0.000, 5.0510,92.0896, 3.5470,24.8821, 0.0000, 0.5753, 0.0000, 0.0053, 0.0033, 0.2609, 0.0420, 0.0887, 3.2021, 9.5470,375.9340, 0.7575,
1,2,2,2,1, 56,0,  0,   0,   0,  0.000, 5.1172,93.3668, 3.5165,24.6635, 0.0000, 0.5715, 0.0000, 0.0053, 0.0032, 0.2643, 0.0422, 0.0893, 3.2325, 9.5815,376.5431, 0.7575,
1,2,2,2,1, 57,0,  0,   0,   0,  0.000, 5.1820,94.6139, 3.4870,24.4515, 0.0000, 0.5678, 0.0000, 0.0054, 0.0032, 0.2676, 0.0424, 0.0898, 3.2621, 9.6152,377.1333, 0.7575,
1,2,2,2,1, 58,0,  0,   0,   0,  0.000, 5.2453,95.8307, 3.4584,24.2459, 0.0000, 0.5643, 0.0000, 0.0054, 0.0032, 0.2708, 0.0426, 0.0903, 3.2907, 9.6480,377.7069, 0.7575,
1,2,2,2,1, 59,0,  0,   0,   0,  0.000, 5.3070,97.0171, 3.4307,24.0465, 0.0000, 0.5608, 0.0000, 0.0055, 0.0032, 0.2739, 0.0428, 0.0907, 3.3186, 9.6801,378.2654, 0.7575,
1,2,2,2,1, 60,0,  0,   0,   0,  0.000, 5.3671,98.1733, 3.4037,23.8532, 0.0000, 0.5574, 0.0000, 0.0055, 0.0031, 0.2770, 0.0430, 0.0912, 3.3457, 9.7113,378.8099, 0.7575,
1,2,2,1,1,-12,0,  0,   0,   0,  0.000, 7.5313,140.3529, 2.4827,17.2639, 0.0000, 0.4363, 0.0000, 0.0074, 0.0025, 0.3856, 0.0480, 0.1000, 4.4111,10.9425,401.2139, 0.0000,
1,2,2,1,1,  0,0,  0,   0,   0,  0.000, 0.3270, 3.5124, 6.9149,49.0726, 0.0000, 0.9996, 0.0000, 0.0003, 0.0038, 0.0200, 0.0153, 0.0353, 0.0000, 7.1925,342.0016, 0.7575,
1,2,2,1,1,  1,0,  0,   0,   0,  0.000, 0.4346, 5.3821, 6.6812,47.3569, 0.1142, 0.9543, 0.0000, 0.0003, 0.0021, 0.0272, 0.0212, 0.0292, 0.1737, 7.1551,167.0500, 0.7575,
1,2,2,1,1,  2,0,  0,   0,   0,  0.000, 0.7851, 9.7227, 6.4004,45.2759, 0.3158, 0.9154, 0.0000, 0.0009, 0.0021, 0.0463, 0.0383, 0.0359, 0.3484, 7.3531,163.4872, 0.7575,
1,2,2,1,1,  3,0,  0,   0,   0,  0.000, 1.1411,14.3096, 6.1330,43.3367, 0.5302, 0.8764, 0.0000, 0.0015, 0.0041, 0.0658, 0.0518, 0.0374, 0.5148, 7.5725,160.0290, 0.7575,
1,2,2,1,1,  4,0,  0,   0,   0,  0.000, 1.5636,20.0010, 5.8802,41.5302, 0.7698, 0.8390, 0.0000, 0.0020, 0.0056, 0.0904, 0.0625, 0.0364, 0.6727, 7.8449,157.8279, 0.7575,
1,2,2,1,1,  5,0,  0,   0,   0,  0.000, 1.9568,25.4090, 5.6429,39.8485, 0.9868, 0.8041, 0.0000, 0.0025, 0.0065, 0.1133, 0.0710, 0.0344, 0.8226, 8.0996,155.1109, 0.7575,
1,2,2,1,1,  6,0,  0,   0,   0,  0.000, 2.2958,30.0275, 5.4215,38.2870, 1.1778, 0.7718, 0.0000, 0.0029, 0.0073, 0.1333, 0.0775, 0.0319, 0.9651, 8.3201,151.4486, 0.7575,
1,2,2,1,1,  7,0,  0,   0,   0,  0.000, 2.5993,34.1492, 5.2150,36.8377, 1.3503, 0.7417, 0.0000, 0.0033, 0.0077, 0.1512, 0.0828, 0.0291, 1.1006, 8.5193,147.1630, 0.7575,
1,2,2,1,1,  8,0,  0,   0,   0,  0.000, 2.8936,38.1659, 5.0216,35.4826, 1.5161, 0.7136, 0.0000, 0.0036, 0.0078, 0.1690, 0.0874, 0.0263, 1.2296, 8.7141,142.7078, 0.7575,
1,2,2,1,1,  9,0,  0,   0,   0,  0.000, 3.1732,41.8884, 4.8411,34.2158, 1.6784, 0.6876, 0.0000, 0.0040, 0.0075, 0.1864, 0.0920, 0.0242, 1.3526, 8.9025,138.0454, 0.7575,
1,2,2,1,1, 10,0,  0,   0,   0,  0.000, 3.4469,45.4815, 4.6721,33.0246, 1.8354, 0.6634, 0.0000, 0.0043, 0.0070, 0.2036, 0.0968, 0.0227, 1.4698, 9.0886,133.2187, 0.7575,
1,2,2,1,1, 11,0,  0,   0,   0,  0.000, 3.6981,48.7597, 4.5132,31.8985, 1.9781, 0.6409, 0.0000, 0.0046, 0.0064, 0.2190, 0.1018, 0.0219, 1.5818, 9.2601,127.8852, 0.7575,
1,2,2,1,1, 12,0,  0,   0,   0,  0.000, 3.9625,52.2297, 4.3439,30.7319, 2.1413, 0.6160, 0.0000, 0.0049, 0.0060, 0.2373, 0.1032, 0.0177, 1.6882, 9.4213,122.2200, 0.7575,
1,2,2,1,1, 13,0,  0,   0,   0,  0.000, 3.8554,50.3201, 4.3589,30.8000, 2.0761, 0.6203, 0.0000, 0.0051, 0.0072, 0.2230, 0.1122, 0.0222, 1.7439, 9.4566,307.0975, 0.7575,
1,2,2,1,1, 14,0,  0,   0,   0,  0.000, 3.9425,51.9441, 4.2926,30.3139, 2.0612, 0.6132, 0.0000, 0.0051, 0.0025, 0.2270, 0.1134, 0.0248, 1.8066, 9.4973,305.1397, 0.7575,
1,2,2,1,1, 15,0,  0,   0,   0,  0.000, 4.0261,53.5320, 4.2311,29.8668, 2.0474, 0.6066, 0.0000, 0.0052, 0.0031, 0.2309, 0.1142, 0.0271, 1.8686, 9.5396,303.2526, 0.7575,
1,2,2,1,1, 16,0,  0,   0,   0,  0.000, 4.1076,55.0923, 4.1721,29.4396, 2.0346, 0.6002, 0.0000, 0.0053, 0.0033, 0.2348, 0.1147, 0.0291, 1.9298, 9.5824,301.3389, 0.7575,
1,2,2,1,1, 17,0,  0,   0,   0,  0.000, 4.1876,56.6285, 4.1150,29.0261, 2.0227, 0.5939, 0.0000, 0.0054, 0.0033, 0.2387, 0.1151, 0.0310, 1.9900, 9.6255,299.3693, 0.7575,
1,2,2,1,1, 18,0,  0,   0,   0,  0.000, 4.2663,58.1420, 4.0594,28.6243, 2.0117, 0.5878, 0.0000, 0.0055, 0.0033, 0.2425, 0.1155, 0.0328, 2.0492, 9.6687,297.3323, 0.7575,
1,2,2,1,1, 19,0,  0,   0,   0,  0.000, 4.3439,59.6331, 4.0053,28.2336, 2.0014, 0.5818, 0.0000, 0.0055, 0.0032, 0.2463, 0.1159, 0.0345, 2.1073, 9.7118,295.2212, 0.7575,
1,2,2,1,1, 20,0,  0,   0,   0,  0.000, 4.4204,61.1020, 3.9527,27.8536, 1.9919, 0.5760, 0.0000, 0.0056, 0.0032, 0.2500, 0.1162, 0.0362, 2.1643, 9.7548,293.0311, 0.7575,
1,2,2,1,1, 21,0,  0,   0,   0,  0.000, 4.4957,62.5483, 3.9015,27.4841, 1.9831, 0.5703, 0.0000, 0.0057, 0.0032, 0.2537, 0.1165, 0.0377, 2.2202, 9.7977,290.7580, 0.7575,
1,2,2,1,1, 22,0,  0,   0,   0,  0.000, 4.5699,63.9719, 3.8517,27.1248, 1.9749, 0.5647, 0.0000, 0.0058, 0.0031, 0.2574, 0.1168, 0.0392, 2.2751, 9.8404,288.3979, 0.7575,
1,2,2,1,1, 23,0,  0,   0,   0,  0.000, 4.6429,65.3723, 3.8033,26.7756, 1.9673, 0.5593, 0.0000, 0.0058, 0.0031, 0.2610, 0.1171, 0.0407, 2.3288, 9.8827,285.9474, 0.7575,
1,2,2,1,1, 24,0,  0,   0,   0,  0.000, 4.7147,66.7492, 3.7563,26.4362, 1.9602, 0.5539, 0.0000, 0.0059, 0.0031, 0.2646, 0.1174, 0.0420, 2.3814, 9.9248,283.4030, 0.7575,
1,2,2,1,1, 25,0,  0,   0,   0,  0.000, 4.7853,68.1022, 3.7105,26.1065, 1.9536, 0.5487, 0.0000, 0.0060, 0.0031, 0.2681, 0.1176, 0.0433, 2.4329, 9.9665,280.7613, 0.7575,
1,2,2,1,1, 26,0,  0,   0,   0,  0.000, 4.8547,69.4309, 3.6661,25.7863, 1.9475, 0.5437, 0.0000, 0.0060, 0.0030, 0.2716, 0.1179, 0.0446, 2.4833,10.0078,278.0189, 0.7575,
1,2,2,1,1, 27,0,  0,   0,   0,  0.000, 4.9228,70.7349, 3.6230,25.4753, 1.9418, 0.5388, 0.0000, 0.0061, 0.0030, 0.2750, 0.1181, 0.0458, 2.5326,10.0486,275.1727, 0.7575,
1,2,2,1,1, 28,0,  0,   0,   0,  0.000, 4.9895,72.0139, 3.5811,25.1736, 1.9364, 0.5339, 0.0000, 0.0062, 0.0030, 0.2784, 0.1183, 0.0469, 2.5809,10.0889,272.2194, 0.7575,
1,2,2,1,1, 29,0,  0,   0,   0,  0.000, 5.0550,73.2674, 3.5404,24.8809, 1.9314, 0.5293, 0.0000, 0.0062, 0.0030, 0.2817, 0.1186, 0.0480, 2.6281,10.1287,269.1558, 0.7575,
1,2,2,1,1, 30,0,  0,   0,   0,  0.000, 5.1190,74.4949, 3.5010,24.5971, 1.9267, 0.5247, 0.0000, 0.0063, 0.0029, 0.2849, 0.1187, 0.0490, 2.6743,10.1680,265.9786, 0.7575,
1,2,2,1,1, 31,0,  0,   0,   0,  0.000, 5.1817,75.6960, 3.4628,24.3222, 1.9222, 0.5203, 0.0000, 0.0064, 0.0029, 0.2881, 0.1189, 0.0500, 2.7194,10.2066,262.6845, 0.7575,
1,2,2,1,1, 32,0,  0,   0,   0,  0.000, 5.2428,76.8698, 3.4259,24.0563, 1.9179, 0.5160, 0.0000, 0.0064, 0.0029, 0.2912, 0.1191, 0.0509, 2.7635,10.2446,259.2702, 0.7575,
1,2,2,1,1, 33,0,  0,   0,   0,  0.000, 5.3024,78.0155, 3.3901,23.7994, 1.9137, 0.5118, 0.0000, 0.0065, 0.0029, 0.2942, 0.1192, 0.0518, 2.8067,10.2819,255.7325, 0.7575,
1,2,2,1,1, 34,0,  0,   0,   0,  0.000, 5.3603,79.1317, 3.3557,23.5518, 1.9096, 0.5078, 0.0000, 0.0065, 0.0028, 0.2972, 0.1193, 0.0526, 2.8487,10.3185,252.0679, 0.7575,
1,2,2,1,1, 35,0,  0,   0,   0,  0.000, 5.4163,80.2161, 3.3226,23.3141, 1.9054, 0.5040, 0.0000, 0.0066, 0.0028, 0.3000, 0.1194, 0.0534, 2.8898,10.3542,248.2732, 0.7575,
1,2,2,1,1, 36,0,  0,   0,   0,  0.000, 5.4700,81.2621, 3.2911,23.0877, 1.9007, 0.5003, 0.0000, 0.0066, 0.0028, 0.3028, 0.1194, 0.0542, 2.9298,10.3887,244.3449, 0.7575,
1,2,2,1,1, 37,0,  0,   0,   0,  0.000, 5.5172,82.2237, 3.2628,22.8848, 1.8934, 0.4970, 0.0000, 0.0067, 0.0030, 0.3050, 0.1194, 0.0549, 2.9686,10.4209,240.2788, 0.7575,
1,2,2,1,1, 38,0,  0,   0,   0,  0.000, 5.4749,82.6427, 3.2856,23.0323, 1.7516, 0.5034, 0.0000, 0.0067, 0.0102, 0.3018, 0.1147, 0.0585, 2.9702,10.3339,246.5801, 0.7575,
1,2,2,1,1, 39,0,  0,   0,   0,  0.000, 5.4069,82.8243, 3.3233,23.2890, 1.5853, 0.5123, 0.0000, 0.0067, 0.0128, 0.2972, 0.1084, 0.0623, 2.9685,10.2292,255.5553, 0.7575,
1,2,2,1,1, 40,0,  0,   0,   0,  0.000, 5.3215,82.8233, 3.3696,23.6099, 1.4066, 0.5226, 0.0000, 0.0065, 0.0144, 0.2915, 0.1014, 0.0660, 2.9656,10.1163,266.2254, 0.7575,
1,2,2,1,1, 41,0,  0,   0,   0,  0.000, 5.2280,82.7362, 3.4201,23.9640, 1.2257, 0.5332, 0.0000, 0.0064, 0.0154, 0.2851, 0.0943, 0.0693, 2.9627,10.0037,277.7422, 0.7575,
1,2,2,1,1, 42,0,  0,   0,   0,  0.000, 5.1338,82.6464, 3.4709,24.3236, 1.0485, 0.5436, 0.0000, 0.0062, 0.0158, 0.2784, 0.0873, 0.0722, 2.9610, 9.8960,289.5906, 0.7575,
1,2,2,1,1, 43,0,  0,   0,   0,  0.000, 5.0427,82.5949, 3.5200,24.6733, 0.8769, 0.5536, 0.0000, 0.0061, 0.0159, 0.2717, 0.0804, 0.0748, 2.9608, 9.7940,301.5656, 0.7575,
1,2,2,1,1, 44,0,  0,   0,   0,  0.000, 4.9565,82.5997, 3.5666,25.0062, 0.7116, 0.5630, 0.0000, 0.0059, 0.0158, 0.2653, 0.0737, 0.0771, 2.9620, 9.6981,313.5486, 0.7575,
1,2,2,1,1, 45,0,  0,   0,   0,  0.000, 4.8770,82.6793, 3.6099,25.3164, 0.5533, 0.5718, 0.0000, 0.0057, 0.0155, 0.2591, 0.0673, 0.0793, 2.9648, 9.6087,325.4389, 0.7575,
1,2,2,1,1, 46,0,  0,   0,   0,  0.000, 4.8065,82.8620, 3.6487,25.5951, 0.4038, 0.5798, 0.0000, 0.0056, 0.0150, 0.2535, 0.0612, 0.0813, 2.9693, 9.5268,337.0659, 0.7575,
1,2,2,1,1, 47,0,  0,   0,   0,  0.000, 4.7467,83.1621, 3.6823,25.8368, 0.2636, 0.5869, 0.0000, 0.0054, 0.0144, 0.2485, 0.0554, 0.0831, 2.9758, 9.4525,348.3439, 0.7575,
1,2,2,1,1, 48,0,  0,   0,   0,  0.000, 4.6965,83.5682, 3.7111,26.0436, 0.1317, 0.5933, 0.0000, 0.0053, 0.0138, 0.2442, 0.0500, 0.0849, 2.9839, 9.3852,359.2900, 0.7575,
1,2,2,1,1, 49,0,  0,   0,   0,  0.000, 4.6504,84.0139, 3.7387,26.2392, 0.0000, 0.5996, 0.0000, 0.0051, 0.0137, 0.2400, 0.0448, 0.0870, 2.9906, 9.3173,371.2424, 0.7575,
1,2,2,1,1, 50,0,  0,   0,   0,  0.000, 4.7110,85.3672, 3.7104,26.0514, 0.0000, 0.5957, 0.0000, 0.0050, 0.0057, 0.2435, 0.0427, 0.0863, 3.0308, 9.3601,372.3504, 0.7575,
1,2,2,1,1, 51,0,  0,   0,   0,  0.000, 4.7782,86.7454, 3.6771,25.8157, 0.0000, 0.5915, 0.0000, 0.0050, 0.0040, 0.2470, 0.0420, 0.0866, 3.0685, 9.4000,373.2007, 0.7575,
1,2,2,1,1, 52,0,  0,   0,   0,  0.000, 4.8472,88.1187, 3.6432,25.5735, 0.0000, 0.5873, 0.0000, 0.0051, 0.0036, 0.2506, 0.0418, 0.0871, 3.1041, 9.4384,373.9499, 0.7575,
1,2,2,1,1, 53,0,  0,   0,   0,  0.000, 4.9164,89.4749, 3.6100,25.3351, 0.0000, 0.5832, 0.0000, 0.0051, 0.0034, 0.2541, 0.0418, 0.0876, 3.1381, 9.4757,374.6449, 0.7575,
1,2,2,1,1, 54,0,  0,   0,   0,  0.000, 4.9849,90.8075, 3.5777,25.1029, 0.0000, 0.5792, 0.0000, 0.0052, 0.0033, 0.2576, 0.0419, 0.0882, 3.1708, 9.5120,375.3037, 0.7575,
1,2,2,1,1, 55,0,  0,   0,   0,  0.000, 5.0524,92.1132, 3.5463,24.8776, 0.0000, 0.5753, 0.0000, 0.0053, 0.0033, 0.2610, 0.0420, 0.0888, 3.2022, 9.5474,375.9352, 0.7575,
1,2,2,1,1, 56,0,  0,   0,   0,  0.000, 5.1186,93.3898, 3.5159,24.6591, 0.0000, 0.5715, 0.0000, 0.0053, 0.0032, 0.2644, 0.0422, 0.0893, 3.2327, 9.5819,376.5445, 0.7575,
1,2,2,1,1, 57,0,  0,   0,   0,  0.000, 5.1833,94.6364, 3.4864,24.4472, 0.0000, 0.5678, 0.0000, 0.0054, 0.0032, 0.2677, 0.0424, 0.0898, 3.2622, 9.6155,377.1349, 0.7575,
1,2,2,1,1, 58,0,  0,   0,   0,  0.000, 5.2465,95.8527, 3.4579,24.2418, 0.0000, 0.5642, 0.0000, 0.0054, 0.0032, 0.2709, 0.0426, 0.0903, 3.2909, 9.6484,377.7086, 0.7575,
1,2,2,1,1, 59,0,  0,   0,   0,  0.000, 5.3082,97.0386, 3.4301,24.0426, 0.0000, 0.5607, 0.0000, 0.0055, 0.0032, 0.2740, 0.0428, 0.0908, 3.3187, 9.6804,378.2672, 0.7575,
1,2,2,1,1, 60,0,  0,   0,   0,  0.000, 5.3683,98.1943, 3.4032,23.8494, 0.0000, 0.5574, 0.0000, 0.0055, 0.0031, 0.2770, 0.0430, 0.0912, 3.3458, 9.7117,378.8118, 0.7575,
