2,1,2,3,3,-12,4,  0,   0,   0,  0.000, 1.1682, 4.3960, 4.8703,47.0207, 0.0000, 0.5052, 0.5390, 0.1065, 0.1403, 0.0025, 0.5532, 0.2846, 6.0877,11.9921,79.9701, 0.0000,
2,1,2,3,3,  0,4,  0,   0,   0,  0.000, 0.6185, 0.7879, 9.6398,93.0532, 0.0000, 1.0000, 0.5516, 0.1106, 0.1468, 0.0003, 0.5650, 0.5653, 0.0000,10.6396,73.1098, 0.5822,
2,1,2,3,3,  1,4,  0,   0,   0,  0.000, 0.6358, 0.9093, 9.4853,91.5636, 0.0000, 0.9838, 0.5513, 0.1104, 0.1466, 0.0003, 0.5646, 0.5561, 0.1968,10.6815,73.0329, 0.5822,
2,1,2,3,3,  2,4,  0,   0,   0,  0.000, 0.6535, 1.0388, 9.3369,90.1307, 0.0000, 0.9685, 0.5509, 0.1103, 0.1464, 0.0004, 0.5642, 0.5473, 0.3855,10.7235,73.2547, 0.5822,
2,1,2,3,3,  3,4,  0,   0,   0,  0.000, 0.6705, 1.1638, 9.1934,88.7451, 0.0000, 0.9536, 0.5505, 0.1102, 0.1462, 0.0005, 0.5638, 0.5389, 0.5681,10.7642,73.4695, 0.5822,
2,1,2,3,3,  4,4,  0,   0,   0,  0.000, 0.6870, 1.2836, 9.0545,87.4049, 0.0000, 0.9392, 0.5501, 0.1101, 0.1460, 0.0006, 0.5634, 0.5307, 0.7449,10.8036,73.6775, 0.5822,
2,1,2,3,3,  5,4,  0,   0,   0,  0.000, 0.7028, 1.3979, 8.9202,86.1085, 0.0000, 0.9253, 0.5497, 0.1100, 0.1458, 0.0006, 0.5631, 0.5229, 0.9160,10.8417,73.8789, 0.5822,
2,1,2,3,3,  6,4,  0,   0,   0,  0.000, 0.7180, 1.5068, 8.7903,84.8542, 0.0000, 0.9118, 0.5494, 0.1099, 0.1456, 0.0007, 0.5628, 0.5152, 1.0816,10.8786,74.0738, 0.5822,
2,1,2,3,3,  7,4,  0,   0,   0,  0.000, 0.7327, 1.6106, 8.6645,83.6407, 0.0000, 0.8988, 0.5490, 0.1098, 0.1454, 0.0008, 0.5625, 0.5078, 1.2418,10.9143,74.2625, 0.5822,
2,1,2,3,3,  8,4,  0,   0,   0,  0.000, 0.7469, 1.7094, 8.5429,82.4665, 0.0000, 0.8862, 0.5487, 0.1097, 0.1453, 0.0008, 0.5621, 0.5007, 1.3970,10.9488,74.4452, 0.5822,
2,1,2,3,3,  9,4,  0,   0,   0,  0.000, 0.7606, 1.8037, 8.4252,81.3302, 0.0000, 0.8739, 0.5484, 0.1096, 0.1451, 0.0009, 0.5619, 0.4937, 1.5471,10.9823,74.6220, 0.5822,
2,1,2,3,3, 10,4,  0,   0,   0,  0.000, 0.7738, 1.8937, 8.3112,80.2307, 0.0000, 0.8621, 0.5481, 0.1095, 0.1450, 0.0009, 0.5616, 0.4870, 1.6924,11.0146,74.7931, 0.5822,
2,1,2,3,3, 11,4,  0,   0,   0,  0.000, 0.7866, 1.9797, 8.2010,79.1666, 0.0000, 0.8507, 0.5478, 0.1094, 0.1448, 0.0010, 0.5613, 0.4805, 1.8331,11.0459,74.9588, 0.5822,
2,1,2,3,3, 12,4,  0,   0,   0,  0.000, 0.7989, 2.0620, 8.0943,78.1367, 0.0000, 0.8396, 0.5475, 0.1093, 0.1447, 0.0010, 0.5610, 0.4743, 1.9693,11.0762,75.1191, 0.5822,
2,1,2,3,3, 13,4,  0,   0,   0,  0.000, 0.8109, 2.1409, 7.9910,77.1400, 0.0000, 0.8289, 0.5472, 0.1092, 0.1445, 0.0011, 0.5608, 0.4682, 2.1011,11.1056,75.2743, 0.5822,
2,1,2,3,3, 14,4,  0,   0,   0,  0.000, 0.8224, 2.2166, 7.8911,76.1754, 0.0000, 0.8186, 0.5470, 0.1091, 0.1444, 0.0011, 0.5605, 0.4623, 2.2287,11.1339,75.4245, 0.5822,
2,1,2,3,3, 15,4,  0,   0,   0,  0.000, 0.8335, 2.2893, 7.7944,75.2417, 0.0000, 0.8085, 0.5467, 0.1090, 0.1443, 0.0012, 0.5603, 0.4566, 2.3522,11.1614,75.5700, 0.5822,
2,1,2,3,3, 16,4,  0,   0,   0,  0.000, 0.8443, 2.3591, 7.7007,74.3381, 0.0000, 0.7988, 0.5465, 0.1089, 0.1441, 0.0012, 0.5601, 0.4511, 2.4717,11.1880,75.7107, 0.5822,
2,1,2,3,3, 17,4,  0,   0,   0,  0.000, 0.8547, 2.4264, 7.6101,73.4635, 0.0000, 0.7894, 0.5462, 0.1089, 0.1440, 0.0013, 0.5598, 0.4458, 2.5874,11.2137,75.8470, 0.5822,
2,1,2,3,3, 18,4,  0,   0,   0,  0.000, 0.8648, 2.4912, 7.5224,72.6169, 0.0000, 0.7803, 0.5460, 0.1088, 0.1439, 0.0013, 0.5596, 0.4406, 2.6994,11.2387,75.9789, 0.5822,
2,1,2,3,3, 19,4,  0,   0,   0,  0.000, 0.8745, 2.5536, 7.4375,71.7975, 0.0000, 0.7715, 0.5458, 0.1087, 0.1438, 0.0013, 0.5594, 0.4356, 2.8079,11.2628,76.1066, 0.5822,
2,1,2,3,3, 20,4,  0,   0,   0,  0.000, 0.8840, 2.6138, 7.3553,71.0044, 0.0000, 0.7630, 0.5455, 0.1086, 0.1437, 0.0014, 0.5592, 0.4308, 2.9128,11.2861,76.2302, 0.5822,
2,1,2,3,3, 21,4,  0,   0,   0,  0.000, 0.8931, 2.6718, 7.2758,70.2367, 0.0000, 0.7547, 0.5453, 0.1086, 0.1435, 0.0014, 0.5590, 0.4261, 3.0144,11.3087,76.3499, 0.5822,
2,1,2,3,3, 22,4,  0,   0,   0,  0.000, 0.9019, 2.7279, 7.1988,69.4936, 0.0000, 0.7467, 0.5451, 0.1085, 0.1434, 0.0014, 0.5588, 0.4216, 3.1127,11.3306,76.4657, 0.5822,
2,1,2,3,3, 23,4,  0,   0,   0,  0.000, 0.9104, 2.7820, 7.1243,68.7743, 0.0000, 0.7390, 0.5449, 0.1084, 0.1433, 0.0015, 0.5587, 0.4172, 3.2079,11.3517,76.5778, 0.5822,
2,1,2,3,3, 24,4,  0,   0,   0,  0.000, 0.9187, 2.8342, 7.0521,68.0781, 0.0000, 0.7315, 0.5447, 0.1084, 0.1432, 0.0015, 0.5585, 0.4130, 3.3001,11.3722,76.6863, 0.5822,
2,1,2,3,3, 25,4,  0,   0,   0,  0.000, 0.9267, 2.8847, 6.9823,67.4042, 0.0000, 0.7243, 0.5446, 0.1083, 0.1432, 0.0015, 0.5583, 0.4089, 3.3893,11.3921,76.7914, 0.5822,
2,1,2,3,3, 26,4,  0,   0,   0,  0.000, 0.9344, 2.9335, 6.9147,66.7519, 0.0000, 0.7173, 0.5444, 0.1083, 0.1431, 0.0016, 0.5581, 0.4049, 3.4756,11.4113,76.8931, 0.5822,
2,1,2,3,3, 27,4,  0,   0,   0,  0.000, 0.9419, 2.9807, 6.8493,66.1204, 0.0000, 0.7105, 0.5442, 0.1082, 0.1430, 0.0016, 0.5580, 0.4010, 3.5592,11.4299,76.9915, 0.5822,
2,1,2,3,3, 28,4,  0,   0,   0,  0.000, 0.9492, 3.0263, 6.7860,65.5092, 0.0000, 0.7039, 0.5440, 0.1082, 0.1429, 0.0016, 0.5578, 0.3973, 3.6401,11.4478,77.0868, 0.5822,
2,1,2,3,3, 29,4,  0,   0,   0,  0.000, 0.9562, 3.0704, 6.7247,64.9176, 0.0000, 0.6975, 0.5439, 0.1081, 0.1428, 0.0017, 0.5577, 0.3937, 3.7184,11.4653,77.1791, 0.5822,
2,1,2,3,3, 30,4,  0,   0,   0,  0.000, 0.9630, 3.1130, 6.6653,64.3449, 0.0000, 0.6914, 0.5437, 0.1081, 0.1427, 0.0017, 0.5575, 0.3902, 3.7942,11.4821,77.2684, 0.5822,
2,1,2,3,3, 31,4,  0,   0,   0,  0.000, 0.9696, 3.1543, 6.6079,63.7905, 0.0000, 0.6854, 0.5436, 0.1080, 0.1426, 0.0017, 0.5574, 0.3868, 3.8676,11.4984,77.3548, 0.5822,
2,1,2,3,3, 32,4,  0,   0,   0,  0.000, 0.9759, 3.1942, 6.5523,63.2539, 0.0000, 0.6797, 0.5434, 0.1080, 0.1426, 0.0017, 0.5573, 0.3835, 3.9386,11.5142,77.4385, 0.5822,
2,1,2,3,3, 33,4,  0,   0,   0,  0.000, 0.9821, 3.2328, 6.4985,62.7345, 0.0000, 0.6741, 0.5433, 0.1079, 0.1425, 0.0018, 0.5571, 0.3804, 4.0074,11.5295,77.5195, 0.5822,
2,1,2,3,3, 34,4,  0,   0,   0,  0.000, 0.9880, 3.2701, 6.4464,62.2316, 0.0000, 0.6687, 0.5431, 0.1079, 0.1424, 0.0018, 0.5570, 0.3773, 4.0739,11.5443,77.5979, 0.5822,
2,1,2,3,3, 35,4,  0,   0,   0,  0.000, 0.9938, 3.3062, 6.3959,61.7449, 0.0000, 0.6634, 0.5430, 0.1078, 0.1424, 0.0018, 0.5569, 0.3743, 4.1384,11.5587,77.6738, 0.5822,
2,1,2,3,3, 36,4,  0,   0,   0,  0.000, 0.9994, 3.3412, 6.3471,61.2738, 0.0000, 0.6584, 0.5429, 0.1078, 0.1423, 0.0018, 0.5568, 0.3715, 4.2007,11.5725,77.7473, 0.5822,
2,1,2,3,3, 37,4,  0,   0,   0,  0.000, 1.0048, 3.3750, 6.2999,60.8177, 0.0000, 0.6535, 0.5428, 0.1077, 0.1422, 0.0018, 0.5566, 0.3687, 4.2611,11.5859,77.8184, 0.5822,
2,1,2,3,3, 38,4,  0,   0,   0,  0.000, 1.0100, 3.4077, 6.2541,60.3763, 0.0000, 0.6487, 0.5426, 0.1077, 0.1422, 0.0019, 0.5565, 0.3660, 4.3196,11.5989,77.8872, 0.5822,
2,1,2,3,3, 39,4,  0,   0,   0,  0.000, 1.0151, 3.4394, 6.2099,59.9489, 0.0000, 0.6441, 0.5425, 0.1077, 0.1421, 0.0019, 0.5564, 0.3634, 4.3761,11.6115,77.9539, 0.5822,
2,1,2,3,3, 40,4,  0,   0,   0,  0.000, 1.0200, 3.4701, 6.1670,59.5353, 0.0000, 0.6397, 0.5424, 0.1076, 0.1421, 0.0019, 0.5563, 0.3609, 4.4309,11.6237,78.0184, 0.5822,
2,1,2,3,3, 41,4,  0,   0,   0,  0.000, 1.0247, 3.4997, 6.1255,59.1349, 0.0000, 0.6354, 0.5423, 0.1076, 0.1420, 0.0019, 0.5562, 0.3584, 4.4839,11.6355,78.0808, 0.5822,
2,1,2,3,3, 42,4,  0,   0,   0,  0.000, 1.0293, 3.5284, 6.0854,58.7472, 0.0000, 0.6312, 0.5422, 0.1076, 0.1419, 0.0019, 0.5561, 0.3561, 4.5352,11.6469,78.1413, 0.5822,
2,1,2,3,3, 43,4,  0,   0,   0,  0.000, 1.0338, 3.5562, 6.0465,58.3720, 0.0000, 0.6272, 0.5421, 0.1075, 0.1419, 0.0019, 0.5560, 0.3538, 4.5849,11.6579,78.1998, 0.5822,
2,1,2,3,3, 44,4,  0,   0,   0,  0.000, 1.0381, 3.5831, 6.0088,58.0088, 0.0000, 0.6233, 0.5420, 0.1075, 0.1418, 0.0020, 0.5559, 0.3516, 4.6330,11.6686,78.2564, 0.5822,
2,1,2,3,3, 45,4,  0,   0,   0,  0.000, 1.0422, 3.6092, 5.9724,57.6573, 0.0000, 0.6195, 0.5419, 0.1075, 0.1418, 0.0020, 0.5558, 0.3494, 4.6795,11.6790,78.3112, 0.5822,
2,1,2,3,3, 46,4,  0,   0,   0,  0.000, 1.0463, 3.6344, 5.9372,57.3169, 0.0000, 0.6158, 0.5418, 0.1074, 0.1417, 0.0020, 0.5558, 0.3474, 4.7246,11.6890,78.3643, 0.5822,
2,1,2,3,3, 47,4,  0,   0,   0,  0.000, 1.0502, 3.6587, 5.9030,56.9875, 0.0000, 0.6123, 0.5417, 0.1074, 0.1417, 0.0020, 0.5557, 0.3453, 4.7682,11.6987,78.4157, 0.5822,
2,1,2,3,3, 48,4,  0,   0,   0,  0.000, 1.0540, 3.6823, 5.8700,56.6686, 0.0000, 0.6089, 0.5416, 0.1074, 0.1417, 0.0020, 0.5556, 0.3434, 4.8104,11.7081,78.4654, 0.5822,
2,1,2,3,3, 49,4,  0,   0,   0,  0.000, 1.0576, 3.7052, 5.8380,56.3599, 0.0000, 0.6056, 0.5415, 0.1073, 0.1416, 0.0020, 0.5555, 0.3415, 4.8513,11.7172,78.5136, 0.5822,
2,1,2,3,3, 50,4,  0,   0,   0,  0.000, 1.0612, 3.7273, 5.8070,56.0611, 0.0000, 0.6023, 0.5415, 0.1073, 0.1416, 0.0021, 0.5554, 0.3397, 4.8908,11.7260,78.5602, 0.5822,
2,1,2,3,3, 51,4,  0,   0,   0,  0.000, 1.0646, 3.7487, 5.7771,55.7719, 0.0000, 0.5992, 0.5414, 0.1073, 0.1415, 0.0021, 0.5554, 0.3379, 4.9291,11.7345,78.6053, 0.5822,
2,1,2,3,3, 52,4,  0,   0,   0,  0.000, 1.0679, 3.7694, 5.7481,55.4919, 0.0000, 0.5962, 0.5413, 0.1073, 0.1415, 0.0021, 0.5553, 0.3362, 4.9662,11.7427,78.6489, 0.5822,
2,1,2,3,3, 53,4,  0,   0,   0,  0.000, 1.0711, 3.7895, 5.7200,55.2208, 0.0000, 0.5933, 0.5412, 0.1072, 0.1414, 0.0021, 0.5552, 0.3346, 5.0021,11.7507,78.6912, 0.5822,
2,1,2,3,3, 54,4,  0,   0,   0,  0.000, 1.0742, 3.8089, 5.6928,54.9585, 0.0000, 0.5905, 0.5412, 0.1072, 0.1414, 0.0021, 0.5552, 0.3330, 5.0368,11.7584,78.7321, 0.5822,
2,1,2,3,3, 55,4,  0,   0,   0,  0.000, 1.0772, 3.8277, 5.6665,54.7045, 0.0000, 0.5878, 0.5411, 0.1072, 0.1414, 0.0021, 0.5551, 0.3314, 5.0704,11.7659,78.7717, 0.5822,
2,1,2,3,3, 56,4,  0,   0,   0,  0.000, 1.0801, 3.8459, 5.6410,54.4586, 0.0000, 0.5851, 0.5410, 0.1072, 0.1413, 0.0021, 0.5550, 0.3299, 5.1030,11.7732,78.8101, 0.5822,
2,1,2,3,3, 57,4,  0,   0,   0,  0.000, 1.0830, 3.8635, 5.6163,54.2207, 0.0000, 0.5826, 0.5410, 0.1071, 0.1413, 0.0021, 0.5550, 0.3285, 5.1345,11.7802,78.8472, 0.5822,
2,1,2,3,3, 58,4,  0,   0,   0,  0.000, 1.0857, 3.8805, 5.5925,53.9903, 0.0000, 0.5801, 0.5409, 0.1071, 0.1413, 0.0021, 0.5549, 0.3271, 5.1650,11.7869,78.8831, 0.5822,
2,1,2,3,3, 59,4,  0,   0,   0,  0.000, 1.0883, 3.8970, 5.5694,53.7673, 0.0000, 0.5777, 0.5408, 0.1071, 0.1412, 0.0022, 0.5549, 0.3257, 5.1945,11.7935,78.9179, 0.5822,
2,1,2,3,3, 60,4,  0,   0,   0,  0.000, 1.0909, 3.9130, 5.5470,53.5515, 0.0000, 0.5754, 0.5408, 0.1071, 0.1412, 0.0022, 0.5548, 0.3244, 5.2231,11.7999,78.9516, 0.5822,
2,1,2,2,3,-12,4,  0,   0,   0,  0.000, 1.1682, 4.3960, 4.8703,47.0207, 0.0000, 0.5052, 0.5390, 0.1065, 0.1403, 0.0025, 0.5532, 0.2846, 6.0877,11.9921,79.9701, 0.0000,
2,1,2,2,3,  0,4,  0,   0,   0,  0.000, 0.6185, 0.7879, 9.6398,93.0532, 0.0000, 1.0000, 0.5516, 0.1106, 0.1468, 0.0003, 0.5650, 0.5653, 0.0000,10.6396,73.1098, 0.5822,
2,1,2,2,3,  1,4,  0,   0,   0,  0.000, 2.7604,18.6833, 5.3047,40.4622, 3.2548, 0.6970, 0.6750, 0.1106, 0.0757, 0.2888, 0.4030, 0.4030, 1.6191, 8.9693,65.3001, 0.5822,
2,1,2,2,3,  2,4,  0,   0,   0,  0.000, 2.8181,19.4743, 5.2185,39.8521, 3.3322, 0.6848, 0.6519, 0.1376, 0.0735, 0.2958, 0.3864, 0.3857, 1.7925, 9.0689,66.1498, 0.5822,
2,1,2,2,3,  3,4,  0,   0,   0,  0.000, 2.9321,20.6708, 5.0866,38.8567, 3.4824, 0.6673, 0.6436, 0.1360, 0.0717, 0.3095, 0.3756, 0.3745, 1.9936, 9.2020,67.0868, 0.5822,
2,1,2,2,3,  4,4,  0,   0,   0,  0.000, 3.0255,21.7144, 4.9786,38.0457, 3.6050, 0.6529, 0.6356, 0.1367, 0.0709, 0.3203, 0.3661, 0.3642, 2.1779, 9.3397,68.0737, 0.5822,
2,1,2,2,3,  5,4,  0,   0,   0,  0.000, 3.1125,22.7553, 4.8802,37.3052, 3.7170, 0.6398, 0.6292, 0.1370, 0.0703, 0.3298, 0.3580, 0.3550, 2.3532, 9.4818,69.0923, 0.5822,
2,1,2,2,3,  6,4,  0,   0,   0,  0.000, 3.1950,23.8379, 4.7894,36.6211, 3.8194, 0.6277, 0.6239, 0.1373, 0.0699, 0.3380, 0.3512, 0.3467, 2.5205, 9.6254,70.1334, 0.5822,
2,1,2,2,3,  7,4,  0,   0,   0,  0.000, 3.2742,24.9865, 4.7045,35.9815, 3.9128, 0.6164, 0.6193, 0.1375, 0.0695, 0.3453, 0.3453, 0.3391, 2.6803, 9.7686,71.1908, 0.5822,
2,1,2,2,3,  8,4,  0,   0,   0,  0.000, 3.3454,26.1625, 4.6278,35.4037, 3.9895, 0.6062, 0.6148, 0.1377, 0.0691, 0.3509, 0.3405, 0.3324, 2.8292, 9.9064,72.2387, 0.5822,
2,1,2,2,3,  9,4,  0,   0,   0,  0.000, 3.4145,27.4073, 4.5616,34.9069, 4.0585, 0.5974, 0.6109, 0.1379, 0.0691, 0.3558, 0.3366, 0.3264, 2.9715,10.0476,73.3557, 0.5822,
2,1,2,2,3, 10,4,  0,   0,   0,  0.000, 3.4801,28.6991, 4.5012,34.4549, 4.1187, 0.5893, 0.6068, 0.1380, 0.0693, 0.3600, 0.3331, 0.3208, 3.1067,10.1858,74.5024, 0.5822,
2,1,2,2,3, 11,4,  0,   0,   0,  0.000, 3.5426,30.0237, 4.4448,34.0323, 4.1712, 0.5818, 0.6028, 0.1380, 0.0693, 0.3635, 0.3300, 0.3157, 3.2353,10.3192,75.6755, 0.5822,
2,1,2,2,3, 12,4,  0,   0,   0,  0.000, 3.6075,31.4095, 4.3908,33.6264, 4.2232, 0.5746, 0.6000, 0.1381, 0.0692, 0.3670, 0.3279, 0.3114, 3.3606,10.4530,76.9173, 0.5822,
2,1,2,2,3, 13,4,  0,   0,   0,  0.000, 3.6272,32.3982, 5.0906,46.2209, 4.1953, 0.5682, 0.5940, 0.1382, 0.0702, 0.3635, 0.3291, 0.3067, 3.4748,11.3032,78.1689, 0.5822,
2,1,2,2,3, 14,4,  0,   0,   0,  0.000, 3.6561,33.4824, 5.0318,45.6617, 4.1815, 0.5620, 0.5898, 0.1376, 0.0710, 0.3613, 0.3303, 0.3029, 3.5857,11.3958,78.6463, 0.5822,
2,1,2,2,3, 15,4,  0,   0,   0,  0.000, 3.6837,34.5573, 4.9750,45.1219, 4.1665, 0.5560, 0.5859, 0.1373, 0.0718, 0.3592, 0.3315, 0.2992, 3.6927,11.4842,79.0981, 0.5822,
2,1,2,2,3, 16,4,  0,   0,   0,  0.000, 3.7106,35.6172, 4.9203,44.6008, 4.1516, 0.5502, 0.5823, 0.1371, 0.0724, 0.3571, 0.3327, 0.2957, 3.7959,11.5688,79.5251, 0.5822,
2,1,2,2,3, 17,4,  0,   0,   0,  0.000, 3.7365,36.6493, 4.8675,44.0981, 4.1368, 0.5447, 0.5791, 0.1368, 0.0730, 0.3551, 0.3338, 0.2924, 3.8955,11.6496,79.9273, 0.5822,
2,1,2,2,3, 18,4,  0,   0,   0,  0.000, 3.7613,37.6434, 4.8168,43.6135, 4.1222, 0.5393, 0.5761, 0.1366, 0.0736, 0.3533, 0.3349, 0.2893, 3.9915,11.7266,80.3050, 0.5822,
2,1,2,2,3, 19,4,  0,   0,   0,  0.000, 3.7847,38.5917, 4.7679,43.1466, 4.1079, 0.5342, 0.5733, 0.1363, 0.0741, 0.3515, 0.3360, 0.2863, 4.0842,11.7998,80.6587, 0.5822,
2,1,2,2,3, 20,4,  0,   0,   0,  0.000, 3.8066,39.4880, 4.7209,42.6971, 4.0938, 0.5293, 0.5708, 0.1361, 0.0746, 0.3497, 0.3370, 0.2835, 4.1737,11.8693,80.9887, 0.5822,
2,1,2,2,3, 21,4,  0,   0,   0,  0.000, 3.8270,40.3281, 4.6758,42.2644, 4.0801, 0.5246, 0.5685, 0.1359, 0.0750, 0.3481, 0.3380, 0.2808, 4.2600,11.9353,81.2953, 0.5822,
2,1,2,2,3, 22,4,  0,   0,   0,  0.000, 3.8457,41.1097, 4.6326,41.8484, 4.0666, 0.5201, 0.5664, 0.1357, 0.0754, 0.3465, 0.3390, 0.2783, 4.3433,11.9978,81.5789, 0.5822,
2,1,2,2,3, 23,4,  0,   0,   0,  0.000, 3.8628,41.8314, 4.5911,41.4488, 4.0535, 0.5158, 0.5645, 0.1355, 0.0758, 0.3451, 0.3400, 0.2759, 4.4237,12.0571,81.8396, 0.5822,
2,1,2,2,3, 24,4,  0,   0,   0,  0.000, 3.8782,42.4932, 4.5514,41.0653, 4.0407, 0.5117, 0.5628, 0.1354, 0.0762, 0.3436, 0.3409, 0.2737, 4.5014,12.1133,82.0774, 0.5822,
2,1,2,2,3, 25,4,  0,   0,   0,  0.000, 3.8920,43.0956, 4.5135,40.6979, 4.0281, 0.5078, 0.5612, 0.1352, 0.0765, 0.3422, 0.3418, 0.2716, 4.5763,12.1667,82.2920, 0.5822,
2,1,2,2,3, 26,4,  0,   0,   0,  0.000, 3.9042,43.6399, 4.4774,40.3466, 4.0157, 0.5041, 0.5599, 0.1350, 0.0768, 0.3409, 0.3428, 0.2696, 4.6486,12.2174,82.4831, 0.5822,
2,1,2,2,3, 27,4,  0,   0,   0,  0.000, 3.9147,44.1273, 4.4431,40.0117, 4.0033, 0.5006, 0.5587, 0.1349, 0.0771, 0.3396, 0.3437, 0.2679, 4.7184,12.2656,82.6498, 0.5822,
2,1,2,2,3, 28,4,  0,   0,   0,  0.000, 3.9236,44.5594, 4.4107,39.6934, 3.9908, 0.4973, 0.5577, 0.1347, 0.0774, 0.3382, 0.3447, 0.2662, 4.7856,12.3116,82.7906, 0.5822,
2,1,2,2,3, 29,4,  0,   0,   0,  0.000, 3.9308,44.9385, 4.3802,39.3917, 3.9782, 0.4943, 0.5569, 0.1346, 0.0777, 0.3369, 0.3457, 0.2648, 4.8504,12.3553,82.9038, 0.5822,
2,1,2,2,3, 30,4,  0,   0,   0,  0.000, 3.9367,45.2703, 4.3517,39.1068, 3.9656, 0.4914, 0.5562, 0.1344, 0.0780, 0.3356, 0.3468, 0.2634, 4.9126,12.3971,82.9894, 0.5822,
2,1,2,2,3, 31,4,  0,   0,   0,  0.000, 3.9409,45.5529, 4.3250,38.8383, 3.9523, 0.4888, 0.5556, 0.1343, 0.0783, 0.3343, 0.3479, 0.2623, 4.9721,12.4366,83.0398, 0.5822,
2,1,2,2,3, 32,4,  0,   0,   0,  0.000, 3.9425,45.7831, 4.3001,38.5856, 3.9372, 0.4864, 0.5551, 0.1342, 0.0785, 0.3328, 0.3491, 0.2613, 5.0286,12.4729,83.0442, 0.5822,
2,1,2,2,3, 33,4,  0,   0,   0,  0.000, 3.9401,45.9508, 4.2771,38.3492, 3.9176, 0.4842, 0.5543, 0.1341, 0.0787, 0.3309, 0.3504, 0.2606, 5.0808,12.5043,82.9835, 0.5822,
2,1,2,2,3, 34,4,  0,   0,   0,  0.000, 3.9288,46.0223, 4.2568,38.1348, 3.8862, 0.4824, 0.5528, 0.1339, 0.0789, 0.3280, 0.3519, 0.2601, 5.1256,12.5259,82.8141, 0.5822,
2,1,2,2,3, 35,4,  0,   0,   0,  0.000, 3.9089,45.9998, 4.2422,37.9637, 3.8419, 0.4813, 0.5510, 0.1338, 0.0791, 0.3240, 0.3541, 0.2604, 5.1625,12.5414,82.5546, 0.5822,
2,1,2,2,3, 36,4,  0,   0,   0,  0.000, 3.8985,46.0257, 4.2368,37.8609, 3.8103, 0.4814, 0.5521, 0.1337, 0.0792, 0.3213, 0.3574, 0.2620, 5.2039,12.5769,82.4030, 0.5822,
2,1,2,2,3, 37,4,  0,   0,   0,  0.000, 3.9219,46.3838, 4.2095,37.5893, 3.8180, 0.4788, 0.5526, 0.1337, 0.0755, 0.3227, 0.3597, 0.2629, 5.2507,12.6104,82.0635, 0.5822,
2,1,2,2,3, 38,4,  0,   0,   0,  0.000, 2.9317,38.4462, 5.1669,48.2820, 1.9700, 0.5585, 0.5054, 0.1331, 0.1247, 0.1848, 0.4347, 0.3068, 4.8376,12.3661,81.4364, 0.5822,
2,1,2,2,3, 39,4,  0,   0,   0,  0.000, 2.5832,36.8316, 5.5288,52.3886, 1.1775, 0.5878, 0.4961, 0.1203, 0.1246, 0.1284, 0.4729, 0.3270, 4.7050,12.2931,81.1315, 0.5822,
2,1,2,2,3, 40,4,  0,   0,   0,  0.000, 2.4058,35.9312, 5.6772,54.1235, 0.7955, 0.5991, 0.4958, 0.1165, 0.1262, 0.1007, 0.4916, 0.3351, 4.6704,12.2529,80.9034, 0.5822,
2,1,2,2,3, 41,4,  0,   0,   0,  0.000, 2.2833,34.7608, 5.7392,54.8911, 0.5880, 0.6033, 0.4990, 0.1146, 0.1273, 0.0843, 0.5026, 0.3384, 4.6743,12.2204,80.7022, 0.5822,
2,1,2,2,3, 42,4,  0,   0,   0,  0.000, 2.1776,33.2121, 5.7658,55.2558, 0.4564, 0.6046, 0.5028, 0.1135, 0.1286, 0.0727, 0.5103, 0.3397, 4.6933,12.1879,80.5134, 0.5822,
2,1,2,2,3, 43,4,  0,   0,   0,  0.000, 2.0775,31.3896, 5.7775,55.4480, 0.3587, 0.6047, 0.5063, 0.1127, 0.1299, 0.0631, 0.5165, 0.3401, 4.7181,12.1543,80.3345, 0.5822,
2,1,2,2,3, 44,4,  0,   0,   0,  0.000, 1.9804,29.4165, 5.7825,55.5619, 0.2770, 0.6044, 0.5094, 0.1119, 0.1313, 0.0546, 0.5219, 0.3402, 4.7449,12.1200,80.1667, 0.5822,
2,1,2,2,3, 45,4,  0,   0,   0,  0.000, 1.8878,27.3989, 5.7831,55.6220, 0.2060, 0.6036, 0.5120, 0.1113, 0.1327, 0.0468, 0.5268, 0.3399, 4.7728,12.0860,80.0121, 0.5822,
2,1,2,2,3, 46,4,  0,   0,   0,  0.000, 1.8018,25.4160, 5.7785,55.6239, 0.1459, 0.6025, 0.5144, 0.1106, 0.1339, 0.0399, 0.5312, 0.3394, 4.8022,12.0533,79.8731, 0.5822,
2,1,2,2,3, 47,4,  0,   0,   0,  0.000, 1.7220,23.4989, 5.7705,55.5853, 0.0936, 0.6011, 0.5165, 0.1101, 0.1350, 0.0337, 0.5351, 0.3388, 4.8323,12.0222,79.7503, 0.5822,
2,1,2,2,3, 48,4,  0,   0,   0,  0.000, 1.6473,21.6641, 5.7605,55.5226, 0.0461, 0.5995, 0.5184, 0.1096, 0.1360, 0.0280, 0.5387, 0.3380, 4.8626,11.9925,79.6427, 0.5822,
2,1,2,2,3, 49,4,  0,   0,   0,  0.000, 1.5760,19.9113, 5.7497,55.4506, 0.0000, 0.5980, 0.5201, 0.1091, 0.1371, 0.0225, 0.5421, 0.3371, 4.8923,11.9637,79.5529, 0.5822,
2,1,2,2,3, 50,4,  0,   0,   0,  0.000, 1.5306,18.4346, 5.7281,55.2491, 0.0000, 0.5956, 0.5226, 0.1087, 0.1371, 0.0206, 0.5434, 0.3358, 4.9275,11.9504,79.4976, 0.5822,
2,1,2,2,3, 51,4,  0,   0,   0,  0.000, 1.4866,17.0125, 5.7068,55.0488, 0.0000, 0.5932, 0.5247, 0.1086, 0.1375, 0.0187, 0.5446, 0.3345, 4.9617,11.9372,79.4476, 0.5822,
2,1,2,2,3, 52,4,  0,   0,   0,  0.000, 1.4463,15.6914, 5.6855,54.8488, 0.0000, 0.5909, 0.5265, 0.1084, 0.1379, 0.0170, 0.5456, 0.3332, 4.9951,11.9253,79.4043, 0.5822,
2,1,2,2,3, 53,4,  0,   0,   0,  0.000, 1.4097,14.4809, 5.6644,54.6493, 0.0000, 0.5886, 0.5280, 0.1083, 0.1382, 0.0154, 0.5466, 0.3319, 5.0277,11.9147,79.3678, 0.5822,
2,1,2,2,3, 54,4,  0,   0,   0,  0.000, 1.3769,13.3810, 5.6434,54.4507, 0.0000, 0.5863, 0.5294, 0.1082, 0.1385, 0.0140, 0.5474, 0.3306, 5.0594,11.9055,79.3376, 0.5822,
2,1,2,2,3, 55,4,  0,   0,   0,  0.000, 1.3475,12.3871, 5.6226,54.2536, 0.0000, 0.5841, 0.5306, 0.1080, 0.1388, 0.0127, 0.5482, 0.3294, 5.0904,11.8977,79.3131, 0.5822,
2,1,2,2,3, 56,4,  0,   0,   0,  0.000, 1.3214,11.4923, 5.6021,54.0582, 0.0000, 0.5819, 0.5317, 0.1079, 0.1390, 0.0116, 0.5489, 0.3281, 5.1207,11.8911,79.2938, 0.5822,
2,1,2,2,3, 57,4,  0,   0,   0,  0.000, 1.2982,10.6892, 5.5818,53.8651, 0.0000, 0.5797, 0.5327, 0.1078, 0.1393, 0.0106, 0.5495, 0.3269, 5.1501,11.8856,79.2793, 0.5822,
2,1,2,2,3, 58,4,  0,   0,   0,  0.000, 1.2776, 9.9701, 5.5618,53.6746, 0.0000, 0.5775, 0.5335, 0.1077, 0.1394, 0.0097, 0.5500, 0.3257, 5.1788,11.8812,79.2689, 0.5822,
2,1,2,2,3, 59,4,  0,   0,   0,  0.000, 1.2594, 9.3273, 5.5422,53.4869, 0.0000, 0.5754, 0.5342, 0.1076, 0.1396, 0.0089, 0.5505, 0.3245, 5.2067,11.8777,79.2622, 0.5822,
2,1,2,2,3, 60,4,  0,   0,   0,  0.000, 1.2434, 8.7535, 5.5229,53.3025, 0.0000, 0.5734, 0.5349, 0.1076, 0.1398, 0.0082, 0.5509, 0.3233, 5.2339,11.8750,79.2588, 0.5822,
2,1,2,1,3,-12,4,  0,   0,   0,  0.000, 1.1682, 4.3960, 4.8703,47.0207, 0.0000, 0.5052, 0.5390, 0.1065, 0.1403, 0.0025, 0.5532, 0.2846, 6.0877,11.9921,79.9701, 0.0000,
2,1,2,1,3,  0,4,  0,   0,   0,  0.000, 0.6185, 0.7879, 9.6398,93.0532, 0.0000, 1.0000, 0.5516, 0.1106, 0.1468, 0.0003, 0.5650, 0.5653, 0.0000,10.6396,73.1098, 0.5822,
2,1,2,1,3,  1,4,  0,   0,   0,  0.000, 2.8079,19.1930, 5.1346,39.1415, 3.3361, 0.6750, 0.6638, 0.1106, 0.0711, 0.2962, 0.3871, 0.3870, 1.6389, 8.8225,80.9939, 0.5822,
2,1,2,1,3,  2,4,  0,   0,   0,  0.000, 2.8414,19.9101, 5.0689,38.7279, 3.3921, 0.6648, 0.6232, 0.1386, 0.0698, 0.3015, 0.3588, 0.3581, 1.7997, 8.9039,82.4291, 0.5822,
2,1,2,1,3,  3,4,  0,   0,   0,  0.000, 2.9715,21.2663, 4.9252,37.6449, 3.5603, 0.6458, 0.6119, 0.1343, 0.0659, 0.3169, 0.3471, 0.3459, 2.0047, 9.0414,83.4656, 0.5822,
2,1,2,1,3,  4,4,  0,   0,   0,  0.000, 3.0827,22.4740, 4.8050,36.7401, 3.7016, 0.6297, 0.6009, 0.1352, 0.0648, 0.3295, 0.3369, 0.3349, 2.1937, 9.1875,84.5530, 0.5822,
2,1,2,1,3,  5,4,  0,   0,   0,  0.000, 3.1859,23.6427, 4.6959,35.9172, 3.8301, 0.6153, 0.5911, 0.1356, 0.0639, 0.3405, 0.3284, 0.3252, 2.3728, 9.3398,85.6319, 0.5822,
2,1,2,1,3,  6,4,  0,   0,   0,  0.000, 3.2844,24.8096, 4.5939,35.1452, 3.9499, 0.6017, 0.5823, 0.1360, 0.0630, 0.3503, 0.3212, 0.3164, 2.5435, 9.4949,86.6798, 0.5822,
2,1,2,1,3,  7,4,  0,   0,   0,  0.000, 3.3851,26.0302, 4.4915,34.3666, 4.0708, 0.5883, 0.5749, 0.1364, 0.0614, 0.3600, 0.3151, 0.3083, 2.7070, 9.6480,87.6776, 0.5822,
2,1,2,1,3,  8,4,  0,   0,   0,  0.000, 3.4997,27.3935, 4.3764,33.4855, 4.2098, 0.5732, 0.5700, 0.1370, 0.0581, 0.3710, 0.3097, 0.3008, 2.8640, 9.7922,88.6094, 0.5822,
2,1,2,1,3,  9,4,  0,   0,   0,  0.000, 3.6031,28.7025, 4.2728,32.6936, 4.3317, 0.5596, 0.5641, 0.1379, 0.0561, 0.3803, 0.3047, 0.2935, 3.0151, 9.9374,89.4547, 0.5822,
2,1,2,1,3, 10,4,  0,   0,   0,  0.000, 3.8460,31.1355, 4.0324,30.8335, 4.6569, 0.5285, 0.5765, 0.1387, 0.0463, 0.4076, 0.2995, 0.2859, 3.1663,10.0186,90.2307, 0.5822,
2,1,2,1,3, 11,4,  0,   0,   0,  0.000, 4.2533,35.0397, 3.4362,26.1955, 5.2384, 0.4518, 0.5891, 0.1428, 0.0265, 0.4576, 0.2728, 0.2568, 3.3050, 9.8056,89.3767, 0.5822,
2,1,2,1,3, 12,4,  0,   0,   0,  0.000, 3.8903,32.6924, 3.9754,30.4552, 4.6602, 0.5201, 0.5363, 0.1516, 0.0708, 0.4050, 0.2856, 0.2670, 3.4384,10.3402,91.7416, 0.5822,
2,1,2,1,3, 13,4,  0,   0,   0,  0.000, 3.8642,32.8943, 4.4186,37.7618, 4.5723, 0.5251, 0.5291, 0.1399, 0.0587, 0.3954, 0.2959, 0.2726, 3.5558,10.9475,93.1295, 0.5822,
2,1,2,1,3, 14,4,  0,   0,   0,  0.000, 3.9088,33.7605, 4.3577,37.2409, 4.6001, 0.5179, 0.5222, 0.1393, 0.0588, 0.3961, 0.2954, 0.2678, 3.6740,11.0734,93.7809, 0.5822,
2,1,2,1,3, 15,4,  0,   0,   0,  0.000, 3.9516,34.6073, 4.2993,36.7405, 4.6256, 0.5109, 0.5158, 0.1392, 0.0590, 0.3967, 0.2951, 0.2634, 3.7880,11.1948,94.3926, 0.5822,
2,1,2,1,3, 16,4,  0,   0,   0,  0.000, 3.9928,35.4323, 4.2434,36.2593, 4.6494, 0.5043, 0.5098, 0.1391, 0.0591, 0.3972, 0.2950, 0.2593, 3.8979,11.3114,94.9602, 0.5822,
2,1,2,1,3, 17,4,  0,   0,   0,  0.000, 4.0326,36.2327, 4.1895,35.7958, 4.6718, 0.4980, 0.5041, 0.1391, 0.0591, 0.3977, 0.2950, 0.2555, 4.0038,11.4234,95.4823, 0.5822,
2,1,2,1,3, 18,4,  0,   0,   0,  0.000, 4.0708,37.0066, 4.1377,35.3487, 4.6931, 0.4919, 0.4988, 0.1390, 0.0591, 0.3981, 0.2951, 0.2519, 4.1061,11.5308,95.9574, 0.5822,
2,1,2,1,3, 19,4,  0,   0,   0,  0.000, 4.1076,37.7522, 4.0877,34.9171, 4.7133, 0.4860, 0.4937, 0.1390, 0.0590, 0.3986, 0.2951, 0.2485, 4.2047,11.6337,96.3835, 0.5822,
2,1,2,1,3, 20,4,  0,   0,   0,  0.000, 4.1430,38.4686, 4.0395,34.5004, 4.7326, 0.4803, 0.4888, 0.1390, 0.0589, 0.3990, 0.2952, 0.2453, 4.2999,11.7323,96.7579, 0.5822,
2,1,2,1,3, 21,4,  0,   0,   0,  0.000, 4.1770,39.1548, 3.9930,34.0980, 4.7510, 0.4749, 0.4842, 0.1390, 0.0588, 0.3995, 0.2953, 0.2422, 4.3918,11.8268,97.0774, 0.5822,
2,1,2,1,3, 22,4,  0,   0,   0,  0.000, 4.2095,39.8108, 3.9482,33.7096, 4.7686, 0.4696, 0.4799, 0.1390, 0.0586, 0.3999, 0.2954, 0.2393, 4.4805,11.9174,97.3379, 0.5822,
2,1,2,1,3, 23,4,  0,   0,   0,  0.000, 4.2408,40.4366, 3.9050,33.3349, 4.7854, 0.4646, 0.4757, 0.1390, 0.0585, 0.4004, 0.2955, 0.2365, 4.5660,12.0043,97.5343, 0.5822,
2,1,2,1,3, 24,4,  0,   0,   0,  0.000, 4.2706,41.0323, 3.8634,32.9739, 4.8015, 0.4597, 0.4717, 0.1391, 0.0583, 0.4009, 0.2956, 0.2339, 4.6486,12.0877,97.6606, 0.5822,
2,1,2,1,3, 25,4,  0,   0,   0,  0.000, 4.2992,41.5985, 3.8235,32.6267, 4.8167, 0.4551, 0.4680, 0.1391, 0.0581, 0.4013, 0.2958, 0.2314, 4.7283,12.1678,97.7092, 0.5822,
2,1,2,1,3, 26,4,  0,   0,   0,  0.000, 4.3263,42.1354, 3.7853,32.2935, 4.8311, 0.4506, 0.4644, 0.1391, 0.0579, 0.4018, 0.2959, 0.2290, 4.8052,12.2448,97.6709, 0.5822,
2,1,2,1,3, 27,4,  0,   0,   0,  0.000, 4.3521,42.6433, 3.7488,31.9751, 4.8445, 0.4464, 0.4610, 0.1391, 0.0577, 0.4021, 0.2961, 0.2268, 4.8792,12.3191,97.5350, 0.5822,
2,1,2,1,3, 28,4,  0,   0,   0,  0.000, 4.3764,43.1216, 3.7143,31.6727, 4.8566, 0.4424, 0.4578, 0.1392, 0.0575, 0.4025, 0.2965, 0.2248, 4.9504,12.3907,97.2883, 0.5822,
2,1,2,1,3, 29,4,  0,   0,   0,  0.000, 4.3990,43.5688, 3.6821,31.3879, 4.8669, 0.4387, 0.4547, 0.1392, 0.0574, 0.4027, 0.2969, 0.2231, 5.0185,12.4597,96.9150, 0.5822,
2,1,2,1,3, 30,4,  0,   0,   0,  0.000, 4.4192,43.9811, 3.6524,31.1239, 4.8745, 0.4354, 0.4518, 0.1392, 0.0572, 0.4027, 0.2975, 0.2216, 5.0834,12.5262,96.3957, 0.5822,
2,1,2,1,3, 31,4,  0,   0,   0,  0.000, 4.4361,44.3500, 3.6258,30.8835, 4.8776, 0.4324, 0.4490, 0.1393, 0.0570, 0.4023, 0.2984, 0.2204, 5.1441,12.5894,95.7031, 0.5822,
2,1,2,1,3, 32,4,  0,   0,   0,  0.000, 4.4496,44.6761, 3.6029,30.6721, 4.8763, 0.4299, 0.4463, 0.1393, 0.0568, 0.4016, 0.2996, 0.2196, 5.2011,12.6505,94.8249, 0.5822,
2,1,2,1,3, 33,4,  0,   0,   0,  0.000, 4.4612,44.9641, 3.5872,30.5163, 4.8733, 0.4283, 0.4445, 0.1393, 0.0570, 0.4008, 0.3012, 0.2194, 5.2572,12.7167,93.7906, 0.5822,
2,1,2,1,3, 34,4,  0,   0,   0,  0.000, 4.4687,45.2030, 3.5796,30.4237, 4.8648, 0.4278, 0.4431, 0.1393, 0.0568, 0.3994, 0.3034, 0.2198, 5.3056,12.7809,92.5061, 0.5822,
2,1,2,1,3, 35,4,  0,   0,   0,  0.000, 4.4894,45.5208, 3.5679,30.3007, 4.8758, 0.4268, 0.4434, 0.1392, 0.0560, 0.4000, 0.3056, 0.2204, 5.3648,12.8563,91.0960, 0.5822,
2,1,2,1,3, 36,4,  0,   0,   0,  0.000, 4.4378,45.0478, 3.5819,30.3777, 4.8067, 0.4290, 0.4426, 0.1394, 0.0591, 0.3933, 0.3082, 0.2219, 5.3962,12.8845,89.2605, 0.5822,
2,1,2,1,3, 37,4,  0,   0,   0,  0.000, 4.4487,45.3951, 3.5816,30.3294, 4.7903, 0.4297, 0.4434, 0.1387, 0.0572, 0.3918, 0.3132, 0.2253, 5.4359,12.9501,87.2939, 0.5822,
2,1,2,1,3, 38,4,  0,   0,   0,  0.000, 3.3319,36.3622, 4.6923,42.3592, 2.7071, 0.5274, 0.4170, 0.1378, 0.1102, 0.2410, 0.3987, 0.2835, 4.9551,12.5022,85.6083, 0.5822,
2,1,2,1,3, 39,4,  0,   0,   0,  0.000, 3.0226,36.3379, 5.0567,46.4357, 1.9178, 0.5579, 0.4276, 0.1246, 0.1087, 0.1878, 0.4362, 0.3063, 4.8273,12.3898,84.7226, 0.5822,
2,1,2,1,3, 40,4,  0,   0,   0,  0.000, 2.8815,37.0505, 5.2041,48.1722, 1.5423, 0.5691, 0.4412, 0.1213, 0.1103, 0.1623, 0.4536, 0.3150, 4.7992,12.3463,84.0634, 0.5822,
2,1,2,1,3, 41,4,  0,   0,   0,  0.000, 2.7843,37.2297, 5.2701,49.0094, 1.3351, 0.5733, 0.4539, 0.1196, 0.1116, 0.1470, 0.4639, 0.3187, 4.8071,12.3216,83.4807, 0.5822,
2,1,2,1,3, 42,4,  0,   0,   0,  0.000, 2.6928,36.7266, 5.3061,49.4992, 1.1974, 0.5752, 0.4645, 0.1186, 0.1133, 0.1355, 0.4714, 0.3205, 4.8277,12.2998,82.9230, 0.5822,
2,1,2,1,3, 43,4,  0,   0,   0,  0.000, 2.5970,35.6732, 5.3326,49.8642, 1.0874, 0.5765, 0.4732, 0.1177, 0.1153, 0.1253, 0.4777, 0.3215, 4.8526,12.2775,82.3759, 0.5822,
2,1,2,1,3, 44,4,  0,   0,   0,  0.000, 2.4976,34.2596, 5.3563,50.1923, 0.9880, 0.5775, 0.4804, 0.1169, 0.1174, 0.1154, 0.4837, 0.3223, 4.8770,12.2523,81.8273, 0.5822,
2,1,2,1,3, 45,4,  0,   0,   0,  0.000, 2.3936,32.6045, 5.3817,50.5552, 0.8859, 0.5785, 0.4863, 0.1160, 0.1196, 0.1053, 0.4901, 0.3233, 4.9011,12.2245,81.3098, 0.5822,
2,1,2,1,3, 46,4,  0,   0,   0,  0.000, 2.2789,30.7438, 5.4118,50.9681, 0.7699, 0.5800, 0.4912, 0.1152, 0.1224, 0.0941, 0.4968, 0.3246, 4.9205,12.1893,80.8044, 0.5822,
2,1,2,1,3, 47,4,  0,   0,   0,  0.000, 2.1357,28.6509, 5.4843,51.9304, 0.5782, 0.5839, 0.4953, 0.1142, 0.1260, 0.0780, 0.5078, 0.3280, 4.9251,12.1456,80.3663, 0.5822,
2,1,2,1,3, 48,4,  0,   0,   0,  0.000, 1.8449,25.3075, 5.6954,54.7258, 0.1039, 0.5956, 0.4941, 0.1127, 0.1362, 0.0404, 0.5305, 0.3353, 4.8825,12.0650,80.0561, 0.5822,
2,1,2,1,3, 49,4,  0,   0,   0,  0.000, 1.7587,23.9829, 5.7183,55.0864, 0.0000, 0.5961, 0.5012, 0.1099, 0.1348, 0.0313, 0.5372, 0.3363, 4.9028,12.0363,79.9429, 0.5822,
2,1,2,1,3, 50,4,  0,   0,   0,  0.000, 1.7122,22.8042, 5.6974,54.9038, 0.0000, 0.5936, 0.5078, 0.1095, 0.1346, 0.0291, 0.5387, 0.3350, 4.9382,12.0250,79.8702, 0.5822,
2,1,2,1,3, 51,4,  0,   0,   0,  0.000, 1.6601,21.4184, 5.6779,54.7307, 0.0000, 0.5913, 0.5127, 0.1093, 0.1352, 0.0267, 0.5400, 0.3337, 4.9720,12.0107,79.7981, 0.5822,
2,1,2,1,3, 52,4,  0,   0,   0,  0.000, 1.6087,19.9910, 5.6590,54.5595, 0.0000, 0.5891, 0.5166, 0.1091, 0.1358, 0.0243, 0.5414, 0.3325, 5.0047,11.9960,79.7311, 0.5822,
2,1,2,1,3, 53,4,  0,   0,   0,  0.000, 1.5601,18.5919, 5.6402,54.3882, 0.0000, 0.5869, 0.5197, 0.1089, 0.1363, 0.0221, 0.5426, 0.3312, 5.0365,11.9818,79.6704, 0.5822,
2,1,2,1,3, 54,4,  0,   0,   0,  0.000, 1.5151,17.2564, 5.6215,54.2160, 0.0000, 0.5848, 0.5222, 0.1087, 0.1369, 0.0200, 0.5438, 0.3300, 5.0675,11.9685,79.6162, 0.5822,
2,1,2,1,3, 55,4,  0,   0,   0,  0.000, 1.4739,16.0022, 5.6029,54.0431, 0.0000, 0.5827, 0.5244, 0.1085, 0.1373, 0.0182, 0.5449, 0.3288, 5.0978,11.9563,79.5685, 0.5822,
2,1,2,1,3, 56,4,  0,   0,   0,  0.000, 1.4365,14.8375, 5.5844,53.8699, 0.0000, 0.5806, 0.5263, 0.1083, 0.1377, 0.0165, 0.5458, 0.3276, 5.1274,11.9452,79.5270, 0.5822,
2,1,2,1,3, 57,4,  0,   0,   0,  0.000, 1.4026,13.7649, 5.5659,53.6967, 0.0000, 0.5785, 0.5279, 0.1082, 0.1381, 0.0150, 0.5467, 0.3264, 5.1562,11.9353,79.4914, 0.5822,
2,1,2,1,3, 58,4,  0,   0,   0,  0.000, 1.3721,12.7834, 5.5476,53.5242, 0.0000, 0.5765, 0.5293, 0.1081, 0.1384, 0.0136, 0.5475, 0.3252, 5.1843,11.9266,79.4614, 0.5822,
2,1,2,1,3, 59,4,  0,   0,   0,  0.000, 1.3447,11.8897, 5.5294,53.3527, 0.0000, 0.5745, 0.5305, 0.1079, 0.1387, 0.0124, 0.5483, 0.3241, 5.2116,11.9191,79.4364, 0.5822,
2,1,2,1,3, 60,4,  0,   0,   0,  0.000, 1.3202,11.0795, 5.5115,53.1826, 0.0000, 0.5726, 0.5316, 0.1078, 0.1389, 0.0113, 0.5489, 0.3230, 5.2383,11.9126,79.4160, 0.5822,
2,1,1,3,3,-18,4,  0,   0,   0,  0.000, 1.1682, 4.3960, 4.8703,47.0207, 0.0000, 0.5052, 0.5390, 0.1065, 0.1403, 0.0025, 0.5532, 0.2846, 6.0877,11.9921,79.9701, 0.0000,
2,1,1,3,3,-11,4,  0,   0,   0,  0.000, 0.6436, 1.0620, 9.6206,92.8102, 0.0000, 1.0000, 0.5484, 0.1116, 0.1468, 0.0018, 0.5660, 0.5677, 0.0000,10.6564,92.1065, 0.9886,
2,1,1,3,3,-10,4,  0,   0,   0,  0.000, 1.0195, 3.1173, 5.9205,57.1483, 0.0000, 0.6144, 0.5384, 0.0925, 0.1225, 0.0013, 0.5502, 0.3461, 3.5519,10.4907,71.2571, 0.9886,
2,1,1,3,3, -9,4,  0,   0,   0,  0.000, 1.0213, 3.2298, 5.8868,56.8271, 0.0000, 0.6108, 0.5345, 0.1047, 0.1383, 0.0014, 0.5472, 0.3439, 3.6344,10.5385,71.5440, 0.9886,
2,1,1,3,3, -8,4,  0,   0,   0,  0.000, 1.0291, 3.3289, 5.8544,56.5162, 0.0000, 0.6074, 0.5345, 0.1041, 0.1375, 0.0015, 0.5478, 0.3420, 3.7139,10.5874,71.8223, 0.9886,
2,1,1,3,3, -7,4,  0,   0,   0,  0.000, 1.0350, 3.4015, 5.8232,56.2166, 0.0000, 0.6041, 0.5344, 0.1042, 0.1376, 0.0016, 0.5479, 0.3401, 3.7902,10.6331,72.0867, 0.9886,
2,1,1,3,3, -6,4,  0,   0,   0,  0.000, 1.0403, 3.4596, 5.7930,55.9266, 0.0000, 0.6010, 0.5344, 0.1043, 0.1377, 0.0016, 0.5481, 0.3383, 3.8640,10.6772,72.3419, 0.9886,
2,1,1,3,3, -5,4,  0,   0,   0,  0.000, 1.0452, 3.5082, 5.7638,55.6457, 0.0000, 0.5979, 0.5345, 0.1044, 0.1378, 0.0017, 0.5483, 0.3366, 3.9352,10.7197,72.5884, 0.9886,
2,1,1,3,3, -4,4,  0,   0,   0,  0.000, 1.0497, 3.5505, 5.7356,55.3736, 0.0000, 0.5950, 0.5346, 0.1045, 0.1378, 0.0017, 0.5484, 0.3349, 4.0042,10.7607,72.8266, 0.9886,
2,1,1,3,3, -3,4,  0,   0,   0,  0.000, 1.0540, 3.5888, 5.7082,55.1098, 0.0000, 0.5921, 0.5347, 0.1045, 0.1379, 0.0018, 0.5486, 0.3333, 4.0709,10.8004,73.0569, 0.9886,
2,1,1,3,3, -2,4,  0,   0,   0,  0.000, 1.0581, 3.6243, 5.6816,54.8540, 0.0000, 0.5894, 0.5348, 0.1046, 0.1380, 0.0018, 0.5487, 0.3318, 4.1354,10.8388,73.2797, 0.9886,
2,1,1,3,3, -1,4,  0,   0,   0,  0.000, 1.0620, 3.6578, 5.6559,54.6061, 0.0000, 0.5867, 0.5350, 0.1047, 0.1380, 0.0019, 0.5488, 0.3303, 4.1979,10.8760,73.4952, 0.9886,
2,1,1,3,3,  0,4,  0,   0,   0,  0.000, 1.0658, 3.6898, 5.6310,54.3657, 0.0000, 0.5841, 0.5351, 0.1047, 0.1381, 0.0019, 0.5490, 0.3288, 4.2584,10.9119,73.7037, 0.9886,
2,1,1,3,3,  1,4,  0,   0,   0,  0.000, 1.0694, 3.7204, 5.6069,54.1328, 0.0000, 0.5816, 0.5352, 0.1048, 0.1382, 0.0019, 0.5491, 0.3274, 4.3169,10.9467,73.9054, 0.9886,
2,1,1,3,3,  2,4,  0,   0,   0,  0.000, 1.0728, 3.7496, 5.5835,53.9070, 0.0000, 0.5791, 0.5353, 0.1048, 0.1382, 0.0020, 0.5492, 0.3260, 4.3736,10.9803,74.1006, 0.9886,
2,1,1,3,3,  3,4,  0,   0,   0,  0.000, 1.0761, 3.7776, 5.5608,53.6882, 0.0000, 0.5768, 0.5354, 0.1049, 0.1383, 0.0020, 0.5494, 0.3247, 4.4284,11.0129,74.2894, 0.9886,
2,1,1,3,3,  4,4,  0,   0,   0,  0.000, 1.0793, 3.8044, 5.5388,53.4762, 0.0000, 0.5745, 0.5355, 0.1049, 0.1384, 0.0020, 0.5495, 0.3234, 4.4815,11.0444,74.4721, 0.9886,
2,1,1,3,3,  5,4,  0,   0,   0,  0.000, 1.0824, 3.8299, 5.5175,53.2707, 0.0000, 0.5723, 0.5356, 0.1050, 0.1384, 0.0021, 0.5496, 0.3222, 4.5329,11.0749,74.6488, 0.9886,
2,1,1,3,3,  6,4,  0,   0,   0,  0.000, 1.0854, 3.8542, 5.4969,53.0717, 0.0000, 0.5701, 0.5357, 0.1050, 0.1385, 0.0021, 0.5497, 0.3210, 4.5826,11.1044,74.8198, 0.9886,
2,1,1,3,3,  7,4,  0,   0,   0,  0.000, 1.0882, 3.8773, 5.4770,52.8789, 0.0000, 0.5681, 0.5358, 0.1051, 0.1385, 0.0021, 0.5498, 0.3198, 4.6308,11.1329,74.9853, 0.9886,
2,1,1,3,3,  8,4,  0,   0,   0,  0.000, 1.0910, 3.8992, 5.4576,52.6922, 0.0000, 0.5661, 0.5359, 0.1051, 0.1386, 0.0021, 0.5499, 0.3187, 4.6774,11.1605,75.1454, 0.9886,
2,1,1,3,3,  9,4,  0,   0,   0,  0.000, 1.0936, 3.9200, 5.4389,52.5113, 0.0000, 0.5641, 0.5360, 0.1052, 0.1387, 0.0021, 0.5500, 0.3176, 4.7225,11.1872,75.3003, 0.9886,
2,1,1,3,3, 10,4,  0,   0,   0,  0.000, 1.0961, 3.9397, 5.4207,52.3361, 0.0000, 0.5622, 0.5361, 0.1052, 0.1387, 0.0022, 0.5501, 0.3166, 4.7662,11.2131,75.4502, 0.9886,
2,1,1,3,3, 11,4,  0,   0,   0,  0.000, 1.0986, 3.9584, 5.4032,52.1665, 0.0000, 0.5604, 0.5362, 0.1053, 0.1388, 0.0022, 0.5502, 0.3155, 4.8085,11.2381,75.5952, 0.9886,
2,1,1,3,3, 12,4,  0,   0,   0,  0.000, 1.1009, 3.9761, 5.3861,52.0022, 0.0000, 0.5586, 0.5363, 0.1053, 0.1388, 0.0022, 0.5503, 0.3146, 4.8494,11.2623,75.7356, 0.9886,
2,1,1,3,3, 13,4,  0,   0,   0,  0.000, 1.1032, 3.9929, 5.3697,51.8431, 0.0000, 0.5569, 0.5364, 0.1053, 0.1389, 0.0022, 0.5504, 0.3136, 4.8890,11.2857,75.8714, 0.9886,
2,1,1,3,3, 14,4,  0,   0,   0,  0.000, 1.1054, 4.0088, 5.3537,51.6891, 0.0000, 0.5553, 0.5365, 0.1054, 0.1389, 0.0022, 0.5505, 0.3127, 4.9274,11.3084,76.0029, 0.9886,
2,1,1,3,3, 15,4,  0,   0,   0,  0.000, 1.1075, 4.0239, 5.3383,51.5399, 0.0000, 0.5537, 0.5365, 0.1054, 0.1389, 0.0022, 0.5506, 0.3118, 4.9645,11.3303,76.1301, 0.9886,
2,1,1,3,3, 16,4,  0,   0,   0,  0.000, 1.1095, 4.0383, 5.3233,51.3955, 0.0000, 0.5521, 0.5366, 0.1054, 0.1390, 0.0022, 0.5506, 0.3109, 5.0004,11.3516,76.2532, 0.9886,
2,1,1,3,3, 17,4,  0,   0,   0,  0.000, 1.1114, 4.0520, 5.3088,51.2557, 0.0000, 0.5506, 0.5367, 0.1055, 0.1390, 0.0022, 0.5507, 0.3101, 5.0352,11.3721,76.3723, 0.9886,
2,1,1,3,3, 18,4,  0,   0,   0,  0.000, 1.1133, 4.0650, 5.2948,51.1203, 0.0000, 0.5492, 0.5368, 0.1055, 0.1391, 0.0023, 0.5508, 0.3092, 5.0689,11.3920,76.4876, 0.9886,
2,1,1,3,3, 19,4,  0,   0,   0,  0.000, 1.1151, 4.0773, 5.2812,50.9893, 0.0000, 0.5478, 0.5368, 0.1055, 0.1391, 0.0023, 0.5509, 0.3085, 5.1015,11.4112,76.5992, 0.9886,
2,1,1,3,3, 20,4,  0,   0,   0,  0.000, 1.1169, 4.0891, 5.2681,50.8624, 0.0000, 0.5464, 0.5369, 0.1056, 0.1391, 0.0023, 0.5509, 0.3077, 5.1331,11.4298,76.7072, 0.9886,
2,1,1,3,3, 21,4,  0,   0,   0,  0.000, 1.1186, 4.1004, 5.2554,50.7395, 0.0000, 0.5451, 0.5370, 0.1056, 0.1392, 0.0023, 0.5510, 0.3070, 5.1636,11.4479,76.8117, 0.9886,
2,1,1,3,3, 22,4,  0,   0,   0,  0.000, 1.1202, 4.1111, 5.2431,50.6206, 0.0000, 0.5438, 0.5370, 0.1056, 0.1392, 0.0023, 0.5511, 0.3062, 5.1932,11.4653,76.9129, 0.9886,
2,1,1,3,3, 23,4,  0,   0,   0,  0.000, 1.1218, 4.1214, 5.2312,50.5055, 0.0000, 0.5426, 0.5371, 0.1057, 0.1393, 0.0023, 0.5511, 0.3055, 5.2218,11.4822,77.0108, 0.9886,
2,1,1,3,3, 24,4,  0,   0,   0,  0.000, 1.1233, 4.1312, 5.2196,50.3940, 0.0000, 0.5414, 0.5372, 0.1057, 0.1393, 0.0023, 0.5512, 0.3049, 5.2495,11.4985,77.1056, 0.9886,
2,1,1,3,3, 25,4,  0,   0,   0,  0.000, 1.1248, 4.1406, 5.2084,50.2861, 0.0000, 0.5402, 0.5372, 0.1057, 0.1393, 0.0023, 0.5513, 0.3042, 5.2763,11.5143,77.1973, 0.9886,
2,1,1,3,3, 26,4,  0,   0,   0,  0.000, 1.1262, 4.1496, 5.1976,50.1817, 0.0000, 0.5391, 0.5373, 0.1057, 0.1394, 0.0023, 0.5513, 0.3036, 5.3023,11.5296,77.2861, 0.9886,
2,1,1,3,3, 27,4,  0,   0,   0,  0.000, 1.1275, 4.1582, 5.1872,50.0806, 0.0000, 0.5380, 0.5373, 0.1058, 0.1394, 0.0023, 0.5514, 0.3030, 5.3274,11.5444,77.3720, 0.9886,
2,1,1,3,3, 28,4,  0,   0,   0,  0.000, 1.1289, 4.1664, 5.1770,49.9827, 0.0000, 0.5370, 0.5374, 0.1058, 0.1394, 0.0023, 0.5514, 0.3024, 5.3517,11.5588,77.4552, 0.9886,
2,1,1,3,3, 29,4,  0,   0,   0,  0.000, 1.1301, 4.1744, 5.1672,49.8879, 0.0000, 0.5359, 0.5374, 0.1058, 0.1394, 0.0023, 0.5515, 0.3018, 5.3753,11.5726,77.5357, 0.9886,
2,1,1,3,3, 30,4,  0,   0,   0,  0.000, 1.1314, 4.1820, 5.1577,49.7962, 0.0000, 0.5350, 0.5375, 0.1058, 0.1395, 0.0023, 0.5515, 0.3013, 5.3981,11.5861,77.6137, 0.9886,
2,1,1,3,3, 31,4,  0,   0,   0,  0.000, 1.1326, 4.1893, 5.1485,49.7074, 0.0000, 0.5340, 0.5375, 0.1059, 0.1395, 0.0023, 0.5516, 0.3007, 5.4201,11.5991,77.6891, 0.9886,
2,1,1,3,3, 32,4,  0,   0,   0,  0.000, 1.1337, 4.1963, 5.1396,49.6215, 0.0000, 0.5331, 0.5376, 0.1059, 0.1395, 0.0023, 0.5516, 0.3002, 5.4415,11.6117,77.7621, 0.9886,
2,1,1,3,3, 33,4,  0,   0,   0,  0.000, 1.1348, 4.2031, 5.1310,49.5383, 0.0000, 0.5322, 0.5376, 0.1059, 0.1395, 0.0023, 0.5517, 0.2997, 5.4622,11.6238,77.8328, 0.9886,
2,1,1,3,3, 34,4,  0,   0,   0,  0.000, 1.1359, 4.2096, 5.1227,49.4577, 0.0000, 0.5313, 0.5377, 0.1059, 0.1396, 0.0023, 0.5517, 0.2992, 5.4822,11.6356,77.9012, 0.9886,
2,1,1,3,3, 35,4,  0,   0,   0,  0.000, 1.1370, 4.2159, 5.1146,49.3797, 0.0000, 0.5305, 0.5377, 0.1059, 0.1396, 0.0024, 0.5518, 0.2988, 5.5016,11.6470,77.9674, 0.9886,
2,1,1,3,3, 36,4,  0,   0,   0,  0.000, 1.1380, 4.2219, 5.1068,49.3043, 0.0000, 0.5297, 0.5377, 0.1060, 0.1396, 0.0024, 0.5518, 0.2983, 5.5203,11.6581,78.0315, 0.9886,
2,1,1,3,3, 37,4,  0,   0,   0,  0.000, 1.1390, 4.2277, 5.0992,49.2312, 0.0000, 0.5289, 0.5378, 0.1060, 0.1396, 0.0024, 0.5519, 0.2979, 5.5385,11.6688,78.0936, 0.9886,
2,1,1,3,3, 38,4,  0,   0,   0,  0.000, 1.1399, 4.2333, 5.0919,49.1605, 0.0000, 0.5281, 0.5378, 0.1060, 0.1397, 0.0024, 0.5519, 0.2975, 5.5560,11.6791,78.1536, 0.9886,
2,1,1,3,3, 39,4,  0,   0,   0,  0.000, 1.1408, 4.2387, 5.0848,49.0920, 0.0000, 0.5274, 0.5379, 0.1060, 0.1397, 0.0024, 0.5520, 0.2970, 5.5730,11.6891,78.2117, 0.9886,
2,1,1,3,3, 40,4,  0,   0,   0,  0.000, 1.1417, 4.2439, 5.0779,49.0258, 0.0000, 0.5267, 0.5379, 0.1060, 0.1397, 0.0024, 0.5520, 0.2966, 5.5895,11.6988,78.2680, 0.9886,
2,1,1,3,3, 41,4,  0,   0,   0,  0.000, 1.1425, 4.2489, 5.0713,48.9616, 0.0000, 0.5260, 0.5379, 0.1060, 0.1397, 0.0024, 0.5520, 0.2963, 5.6054,11.7082,78.3225, 0.9886,
2,1,1,3,3, 42,4,  0,   0,   0,  0.000, 1.1434, 4.2537, 5.0649,48.8995, 0.0000, 0.5253, 0.5380, 0.1061, 0.1397, 0.0024, 0.5521, 0.2959, 5.6209,11.7173,78.3752, 0.9886,
2,1,1,3,3, 43,4,  0,   0,   0,  0.000, 1.1442, 4.2584, 5.0586,48.8394, 0.0000, 0.5247, 0.5380, 0.1061, 0.1398, 0.0024, 0.5521, 0.2955, 5.6358,11.7261,78.4263, 0.9886,
2,1,1,3,3, 44,4,  0,   0,   0,  0.000, 1.1449, 4.2629, 5.0526,48.7812, 0.0000, 0.5241, 0.5380, 0.1061, 0.1398, 0.0024, 0.5521, 0.2952, 5.6503,11.7346,78.4757, 0.9886,
2,1,1,3,3, 45,4,  0,   0,   0,  0.000, 1.1457, 4.2673, 5.0468,48.7249, 0.0000, 0.5235, 0.5381, 0.1061, 0.1398, 0.0024, 0.5522, 0.2948, 5.6643,11.7429,78.5235, 0.9886,
2,1,1,3,3, 46,4,  0,   0,   0,  0.000, 1.1464, 4.2715, 5.0411,48.6704, 0.0000, 0.5229, 0.5381, 0.1061, 0.1398, 0.0024, 0.5522, 0.2945, 5.6778,11.7508,78.5698, 0.9886,
2,1,1,3,3, 47,4,  0,   0,   0,  0.000, 1.1471, 4.2755, 5.0357,48.6176, 0.0000, 0.5223, 0.5381, 0.1061, 0.1398, 0.0024, 0.5522, 0.2942, 5.6909,11.7586,78.6146, 0.9886,
2,1,1,3,3, 48,4,  0,   0,   0,  0.000, 1.1478, 4.2795, 5.0304,48.5665, 0.0000, 0.5218, 0.5382, 0.1061, 0.1398, 0.0024, 0.5523, 0.2939, 5.7036,11.7660,78.6580, 0.9886,
2,1,1,3,3, 49,4,  0,   0,   0,  0.000, 1.1485, 4.2833, 5.0253,48.5170, 0.0000, 0.5212, 0.5382, 0.1061, 0.1399, 0.0024, 0.5523, 0.2936, 5.7159,11.7733,78.6999, 0.9886,
2,1,1,3,3, 50,4,  0,   0,   0,  0.000, 1.1491, 4.2869, 5.0203,48.4692, 0.0000, 0.5207, 0.5382, 0.1062, 0.1399, 0.0024, 0.5523, 0.2933, 5.7278,11.7803,78.7406, 0.9886,
2,1,1,3,3, 51,4,  0,   0,   0,  0.000, 1.1497, 4.2905, 5.0155,48.4228, 0.0000, 0.5202, 0.5382, 0.1062, 0.1399, 0.0024, 0.5523, 0.2930, 5.7393,11.7871,78.7799, 0.9886,
2,1,1,3,3, 52,4,  0,   0,   0,  0.000, 1.1503, 4.2939, 5.0109,48.3780, 0.0000, 0.5197, 0.5383, 0.1062, 0.1399, 0.0024, 0.5524, 0.2927, 5.7505,11.7936,78.8180, 0.9886,
2,1,1,3,3, 53,4,  0,   0,   0,  0.000, 1.1509, 4.2972, 5.0064,48.3345, 0.0000, 0.5193, 0.5383, 0.1062, 0.1399, 0.0024, 0.5524, 0.2925, 5.7612,11.8000,78.8549, 0.9886,
2,1,1,3,3, 54,4,  0,   0,   0,  0.000, 1.1514, 4.3004, 5.0020,48.2925, 0.0000, 0.5188, 0.5383, 0.1062, 0.1399, 0.0024, 0.5524, 0.2922, 5.7717,11.8061,78.8906, 0.9886,
2,1,1,3,3, 55,4,  0,   0,   0,  0.000, 1.1520, 4.3035, 4.9978,48.2518, 0.0000, 0.5184, 0.5383, 0.1062, 0.1399, 0.0024, 0.5524, 0.2920, 5.7818,11.8121,78.9251, 0.9886,
2,1,1,3,3, 56,4,  0,   0,   0,  0.000, 1.1525, 4.3065, 4.9937,48.2124, 0.0000, 0.5180, 0.5383, 0.1062, 0.1399, 0.0024, 0.5525, 0.2917, 5.7916,11.8178,78.9585, 0.9886,
2,1,1,3,3, 57,4,  0,   0,   0,  0.000, 1.1530, 4.3094, 4.9898,48.1743, 0.0000, 0.5175, 0.5384, 0.1062, 0.1400, 0.0024, 0.5525, 0.2915, 5.8011,11.8234,78.9909, 0.9886,
2,1,1,3,3, 58,4,  0,   0,   0,  0.000, 1.1535, 4.3121, 4.9860,48.1374, 0.0000, 0.5171, 0.5384, 0.1062, 0.1400, 0.0024, 0.5525, 0.2913, 5.8102,11.8288,79.0222, 0.9886,
2,1,1,3,3, 59,4,  0,   0,   0,  0.000, 1.1540, 4.3149, 4.9823,48.1016, 0.0000, 0.5168, 0.5384, 0.1062, 0.1400, 0.0024, 0.5525, 0.2911, 5.8191,11.8340,79.0526, 0.9886,
2,1,1,3,3, 60,4,  0,   0,   0,  0.000, 1.1544, 4.3175, 4.9787,48.0671, 0.0000, 0.5164, 0.5384, 0.1063, 0.1400, 0.0024, 0.5525, 0.2909, 5.8277,11.8391,79.0819, 0.9886,
2,1,1,2,3,-18,4,  0,   0,   0,  0.000, 1.1682, 4.3960, 4.8703,47.0207, 0.0000, 0.5052, 0.5390, 0.1065, 0.1403, 0.0025, 0.5532, 0.2846, 6.0877,11.9921,79.9701, 0.0000,
2,1,1,2,3,-11,4,  0,   0,   0,  0.000, 0.6436, 1.0620, 9.6206,92.8102, 0.0000, 1.0000, 0.5484, 0.1116, 0.1468, 0.0018, 0.5660, 0.5677, 0.0000,10.6564,92.1065, 0.9886,
2,1,1,2,3,-10,4,  0,   0,   0,  0.000, 1.0238, 3.1479, 5.9122,57.0660, 0.0000, 0.6134, 0.5401, 0.0930, 0.1231, 0.0013, 0.5519, 0.3457, 3.6023,10.5331,71.0330, 0.9886,
2,1,1,2,3, -9,4,  0,   0,   0,  0.000, 1.0224, 3.2556, 5.8862,56.8195, 0.0000, 0.6107, 0.5346, 0.1047, 0.1383, 0.0014, 0.5473, 0.3438, 3.6364,10.5399,70.9339, 0.9886,
2,1,1,2,3, -8,4,  0,   0,   0,  0.000, 1.0280, 3.3463, 5.8612,56.5813, 0.0000, 0.6081, 0.5337, 0.1038, 0.1370, 0.0015, 0.5470, 0.3423, 3.6842,10.5640,70.9277, 0.9886,
2,1,1,2,3, -7,4,  0,   0,   0,  0.000, 1.0287, 3.3852, 5.8631,56.6032, 0.0000, 0.6082, 0.5335, 0.1043, 0.1377, 0.0015, 0.5471, 0.3420, 3.7416,10.6216,71.1791, 0.9886,
2,1,1,2,3, -6,4,  0,   0,   0,  0.000, 1.0327, 3.4276, 5.8749,56.7114, 0.0000, 0.6095, 0.5348, 0.1045, 0.1377, 0.0016, 0.5487, 0.3434, 3.7860,10.6814,71.4094, 0.9886,
2,1,1,2,3, -5,4,  0,   0,   0,  0.000, 1.0337, 3.4534, 5.8862,56.8170, 0.0000, 0.6107, 0.5350, 0.1047, 0.1379, 0.0017, 0.5491, 0.3442, 3.8190,10.7263,71.5243, 0.9886,
2,1,1,2,3, -4,4,  0,   0,   0,  0.000, 1.0348, 3.4734, 5.8965,56.9120, 0.0000, 0.6118, 0.5352, 0.1048, 0.1379, 0.0017, 0.5497, 0.3450, 3.8511,10.7694,71.6026, 0.9886,
2,1,1,2,3, -3,4,  0,   0,   0,  0.000, 1.0359, 3.4870, 5.9059,56.9961, 0.0000, 0.6129, 0.5354, 0.1050, 0.1380, 0.0017, 0.5502, 0.3458, 3.8824,10.8110,71.6406, 0.9886,
2,1,1,2,3, -2,4,  0,   0,   0,  0.000, 1.0374, 3.4959, 5.9141,57.0653, 0.0000, 0.6138, 0.5355, 0.1052, 0.1377, 0.0017, 0.5510, 0.3469, 3.9127,10.8497,71.6303, 0.9886,
2,1,1,2,3, -1,4,  0,   0,   0,  0.000, 1.0305, 3.4766, 5.9318,57.2381, 0.0000, 0.6156, 0.5318, 0.1054, 0.1368, 0.0018, 0.5490, 0.3475, 3.8764,10.8205,71.3140, 0.9886,
2,1,1,2,3,  0,4,  0,   0,   0,  0.000, 1.1509, 4.1306, 4.7446,45.8154, 0.0000, 0.4921, 0.5095, 0.0943, 0.1245, 0.0018, 0.5280, 0.2631, 4.1858, 9.9346,67.0409, 0.9886,
2,1,1,2,3,  1,4,  0,   0,   0,  0.000, 1.8570,10.6252, 4.2536,36.5228, 1.2653, 0.5030, 0.5756, 0.1055, 0.1179, 0.1145, 0.4826, 0.2848, 4.7408,10.4129,71.7934, 0.9886,
2,1,1,2,3,  2,4,  0,   0,   0,  0.000, 1.8603,10.7506, 4.2606,36.6446, 1.2707, 0.5029, 0.5654, 0.1149, 0.1140, 0.1144, 0.4786, 0.2814, 4.7887,10.4717,72.2725, 0.9886,
2,1,1,2,3,  3,4,  0,   0,   0,  0.000, 1.9020,11.1916, 4.2400,36.5398, 1.3283, 0.4995, 0.5632, 0.1142, 0.1136, 0.1195, 0.4756, 0.2793, 4.8519,10.5447,72.7621, 0.9886,
2,1,1,2,3,  4,4,  0,   0,   0,  0.000, 1.9350,11.5687, 4.2253,36.4789, 1.3751, 0.4969, 0.5613, 0.1146, 0.1132, 0.1234, 0.4729, 0.2775, 4.9096,10.6150,73.2509, 0.9886,
2,1,1,2,3,  5,4,  0,   0,   0,  0.000, 1.9659,11.9472, 4.2119,36.4258, 1.4190, 0.4944, 0.5602, 0.1148, 0.1129, 0.1269, 0.4705, 0.2758, 4.9647,10.6839,73.7405, 0.9886,
2,1,1,2,3,  6,4,  0,   0,   0,  0.000, 1.9956,12.3442, 4.1996,36.3795, 1.4600, 0.4922, 0.5595, 0.1151, 0.1126, 0.1301, 0.4684, 0.2743, 5.0176,10.7511,74.2330, 0.9886,
2,1,1,2,3,  7,4,  0,   0,   0,  0.000, 2.0246,12.7699, 4.1882,36.3380, 1.4983, 0.4900, 0.5590, 0.1153, 0.1123, 0.1331, 0.4666, 0.2729, 5.0683,10.8164,74.7300, 0.9886,
2,1,1,2,3,  8,4,  0,   0,   0,  0.000, 2.0504,13.2053, 4.1789,36.3117, 1.5300, 0.4882, 0.5583, 0.1156, 0.1120, 0.1354, 0.4650, 0.2717, 5.1151,10.8783,75.2221, 0.9886,
2,1,1,2,3,  9,4,  0,   0,   0,  0.000, 2.0756,13.6669, 4.1733,36.3135, 1.5587, 0.4869, 0.5578, 0.1158, 0.1119, 0.1375, 0.4638, 0.2708, 5.1597,10.9411,75.7472, 0.9886,
2,1,1,2,3, 10,4,  0,   0,   0,  0.000, 2.0995,14.1465, 4.1694,36.3274, 1.5839, 0.4858, 0.5570, 0.1160, 0.1120, 0.1393, 0.4625, 0.2699, 5.2020,11.0024,76.2897, 0.9886,
2,1,1,2,3, 11,4,  0,   0,   0,  0.000, 2.1223,14.6389, 4.1664,36.3461, 1.6060, 0.4848, 0.5561, 0.1161, 0.1120, 0.1408, 0.4614, 0.2691, 5.2420,11.0615,76.8483, 0.9886,
2,1,1,2,3, 12,4,  0,   0,   0,  0.000, 2.1467,15.1600, 4.1634,36.3637, 1.6287, 0.4838, 0.5557, 0.1162, 0.1119, 0.1425, 0.4607, 0.2686, 5.2813,11.1211,77.4444, 0.9886,
2,1,1,2,3, 13,4,  0,   0,   0,  0.000, 2.1485,15.4781, 4.5445,43.0144, 1.6113, 0.4832, 0.5536, 0.1164, 0.1124, 0.1406, 0.4617, 0.2678, 5.3161,11.5471,78.0485, 0.9886,
2,1,1,2,3, 14,4,  0,   0,   0,  0.000, 2.1554,15.8464, 4.5371,42.9361, 1.6016, 0.4825, 0.5523, 0.1162, 0.1128, 0.1395, 0.4625, 0.2674, 5.3501,11.5865,78.2598, 0.9886,
2,1,1,2,3, 15,4,  0,   0,   0,  0.000, 2.1620,16.2132, 4.5298,42.8598, 1.5917, 0.4818, 0.5511, 0.1161, 0.1131, 0.1384, 0.4634, 0.2670, 5.3829,11.6242,78.4608, 0.9886,
2,1,1,2,3, 16,4,  0,   0,   0,  0.000, 2.1687,16.5771, 4.5226,42.7854, 1.5824, 0.4812, 0.5501, 0.1161, 0.1134, 0.1373, 0.4642, 0.2666, 5.4147,11.6605,78.6518, 0.9886,
2,1,1,2,3, 17,4,  0,   0,   0,  0.000, 2.1753,16.9329, 4.5157,42.7133, 1.5734, 0.4805, 0.5491, 0.1160, 0.1137, 0.1363, 0.4649, 0.2662, 5.4454,11.6953,78.8327, 0.9886,
2,1,1,2,3, 18,4,  0,   0,   0,  0.000, 2.1817,17.2764, 4.5090,42.6435, 1.5648, 0.4799, 0.5481, 0.1160, 0.1140, 0.1354, 0.4656, 0.2658, 5.4750,11.7286,79.0036, 0.9886,
2,1,1,2,3, 19,4,  0,   0,   0,  0.000, 2.1877,17.6043, 4.5025,42.5762, 1.5566, 0.4793, 0.5473, 0.1160, 0.1143, 0.1345, 0.4663, 0.2654, 5.5036,11.7605,79.1645, 0.9886,
2,1,1,2,3, 20,4,  0,   0,   0,  0.000, 2.1934,17.9141, 4.4963,42.5115, 1.5487, 0.4787, 0.5465, 0.1159, 0.1145, 0.1337, 0.4670, 0.2651, 5.5313,11.7908,79.3155, 0.9886,
2,1,1,2,3, 21,4,  0,   0,   0,  0.000, 2.1986,18.2040, 4.4904,42.4493, 1.5411, 0.4782, 0.5458, 0.1159, 0.1147, 0.1329, 0.4676, 0.2648, 5.5580,11.8198,79.4567, 0.9886,
2,1,1,2,3, 22,4,  0,   0,   0,  0.000, 2.2034,18.4729, 4.4847,42.3896, 1.5339, 0.4777, 0.5452, 0.1159, 0.1149, 0.1322, 0.4682, 0.2645, 5.5838,11.8473,79.5880, 0.9886,
2,1,1,2,3, 23,4,  0,   0,   0,  0.000, 2.2076,18.7202, 4.4793,42.3327, 1.5269, 0.4772, 0.5446, 0.1158, 0.1151, 0.1315, 0.4688, 0.2642, 5.6088,11.8736,79.7095, 0.9886,
2,1,1,2,3, 24,4,  0,   0,   0,  0.000, 2.2114,18.9458, 4.4742,42.2784, 1.5202, 0.4767, 0.5441, 0.1158, 0.1153, 0.1308, 0.4694, 0.2640, 5.6328,11.8985,79.8211, 0.9886,
2,1,1,2,3, 25,4,  0,   0,   0,  0.000, 2.2146,19.1499, 4.4694,42.2269, 1.5138, 0.4763, 0.5436, 0.1158, 0.1155, 0.1301, 0.4699, 0.2638, 5.6561,11.9223,79.9225, 0.9886,
2,1,1,2,3, 26,4,  0,   0,   0,  0.000, 2.2174,19.3328, 4.4649,42.1783, 1.5075, 0.4759, 0.5432, 0.1158, 0.1157, 0.1295, 0.4704, 0.2636, 5.6785,11.9450,80.0135, 0.9886,
2,1,1,2,3, 27,4,  0,   0,   0,  0.000, 2.2195,19.4953, 4.4608,42.1327, 1.5014, 0.4756, 0.5429, 0.1158, 0.1158, 0.1289, 0.4710, 0.2634, 5.7002,11.9666,80.0937, 0.9886,
2,1,1,2,3, 28,4,  0,   0,   0,  0.000, 2.2212,19.6377, 4.4570,42.0904, 1.4954, 0.4753, 0.5426, 0.1157, 0.1160, 0.1283, 0.4715, 0.2633, 5.7211,11.9872,80.1623, 0.9886,
2,1,1,2,3, 29,4,  0,   0,   0,  0.000, 2.2224,19.7612, 4.4536,42.0513, 1.4894, 0.4750, 0.5424, 0.1157, 0.1161, 0.1277, 0.4720, 0.2632, 5.7412,12.0068,80.2187, 0.9886,
2,1,1,2,3, 30,4,  0,   0,   0,  0.000, 2.2231,19.8681, 4.4506,42.0156, 1.4836, 0.4748, 0.5422, 0.1157, 0.1163, 0.1272, 0.4726, 0.2632, 5.7606,12.0257,80.2627, 0.9886,
2,1,1,2,3, 31,4,  0,   0,   0,  0.000, 2.2234,19.9577, 4.4480,41.9833, 1.4777, 0.4746, 0.5421, 0.1157, 0.1164, 0.1266, 0.4731, 0.2632, 5.7791,12.0435,80.2914, 0.9886,
2,1,1,2,3, 32,4,  0,   0,   0,  0.000, 2.2229,20.0292, 4.4457,41.9541, 1.4713, 0.4745, 0.5420, 0.1157, 0.1165, 0.1260, 0.4737, 0.2632, 5.7967,12.0602,80.3009, 0.9886,
2,1,1,2,3, 33,4,  0,   0,   0,  0.000, 2.2211,20.0800, 4.4439,41.9283, 1.4637, 0.4744, 0.5418, 0.1157, 0.1167, 0.1252, 0.4743, 0.2633, 5.8130,12.0751,80.2848, 0.9886,
2,1,1,2,3, 34,4,  0,   0,   0,  0.000, 2.2166,20.1002, 4.4427,41.9078, 1.4526, 0.4744, 0.5414, 0.1156, 0.1168, 0.1242, 0.4749, 0.2635, 5.8270,12.0869,80.2292, 0.9886,
2,1,1,2,3, 35,4,  0,   0,   0,  0.000, 2.2097,20.0920, 4.4431,41.8992, 1.4376, 0.4746, 0.5409, 0.1156, 0.1169, 0.1229, 0.4757, 0.2639, 5.8387,12.0967,80.1397, 0.9886,
2,1,1,2,3, 36,4,  0,   0,   0,  0.000, 2.2059,20.1008, 4.4461,41.9099, 1.4269, 0.4752, 0.5413, 0.1156, 0.1169, 0.1220, 0.4769, 0.2646, 5.8519,12.1128,80.0775, 0.9886,
2,1,1,2,3, 37,4,  0,   0,   0,  0.000, 2.2166,20.2524, 4.4420,41.8650, 1.4327, 0.4748, 0.5416, 0.1156, 0.1154, 0.1228, 0.4777, 0.2652, 5.8667,12.1295,79.9432, 0.9886,
2,1,1,2,3, 38,4,  0,   0,   0,  0.000, 1.8316,17.1617, 4.7589,45.4330, 0.6908, 0.5009, 0.5230, 0.1153, 0.1343, 0.0677, 0.5079, 0.2795, 5.7211,11.9879,79.6069, 0.9886,
2,1,1,2,3, 39,4,  0,   0,   0,  0.000, 1.7361,16.8686, 4.8585,46.5637, 0.4512, 0.5089, 0.5212, 0.1104, 0.1325, 0.0510, 0.5201, 0.2852, 5.6870,11.9666,79.5186, 0.9886,
2,1,1,2,3, 40,4,  0,   0,   0,  0.000, 1.6838,16.6023, 4.9020,47.0659, 0.3402, 0.5123, 0.5217, 0.1095, 0.1329, 0.0429, 0.5257, 0.2876, 5.6793,11.9576,79.4594, 0.9886,
2,1,1,2,3, 41,4,  0,   0,   0,  0.000, 1.6404,16.1461, 4.9258,47.3468, 0.2720, 0.5141, 0.5229, 0.1090, 0.1334, 0.0374, 0.5295, 0.2889, 5.6802,11.9491,79.4046, 0.9886,
2,1,1,2,3, 42,4,  0,   0,   0,  0.000, 1.5989,15.5389, 4.9419,47.5392, 0.2213, 0.5153, 0.5241, 0.1086, 0.1341, 0.0329, 0.5325, 0.2897, 5.6842,11.9396,79.3519, 0.9886,
2,1,1,2,3, 43,4,  0,   0,   0,  0.000, 1.5580,14.8393, 4.9546,47.6927, 0.1785, 0.5162, 0.5252, 0.1083, 0.1347, 0.0288, 0.5351, 0.2904, 5.6894,11.9294,79.3021, 0.9886,
2,1,1,2,3, 44,4,  0,   0,   0,  0.000, 1.5179,14.0923, 4.9656,47.8265, 0.1398, 0.5170, 0.5261, 0.1080, 0.1354, 0.0250, 0.5376, 0.2909, 5.6950,11.9188,79.2562, 0.9886,
2,1,1,2,3, 45,4,  0,   0,   0,  0.000, 1.4794,13.3338, 4.9750,47.9419, 0.1048, 0.5176, 0.5270, 0.1077, 0.1361, 0.0215, 0.5398, 0.2913, 5.7011,11.9082,79.2152, 0.9886,
2,1,1,2,3, 46,4,  0,   0,   0,  0.000, 1.4436,12.5910, 4.9821,48.0311, 0.0744, 0.5180, 0.5277, 0.1075, 0.1366, 0.0184, 0.5419, 0.2916, 5.7079,11.8981,79.1803, 0.9886,
2,1,1,2,3, 47,4,  0,   0,   0,  0.000, 1.4105,11.8716, 4.9874,48.1001, 0.0478, 0.5183, 0.5285, 0.1072, 0.1372, 0.0156, 0.5437, 0.2919, 5.7152,11.8885,79.1519, 0.9886,
2,1,1,2,3, 48,4,  0,   0,   0,  0.000, 1.3793,11.1789, 4.9916,48.1564, 0.0236, 0.5185, 0.5291, 0.1070, 0.1376, 0.0130, 0.5454, 0.2920, 5.7228,11.8794,79.1294, 0.9886,
2,1,1,2,3, 49,4,  0,   0,   0,  0.000, 1.3492,10.5098, 4.9953,48.2070, 0.0000, 0.5187, 0.5297, 0.1069, 0.1382, 0.0104, 0.5470, 0.2921, 5.7303,11.8704,79.1141, 0.9886,
2,1,1,2,3, 50,4,  0,   0,   0,  0.000, 1.3316, 9.9625, 4.9933,48.1903, 0.0000, 0.5184, 0.5308, 0.1067, 0.1381, 0.0097, 0.5476, 0.2920, 5.7408,11.8690,79.1148, 0.9886,
2,1,1,2,3, 51,4,  0,   0,   0,  0.000, 1.3142, 9.4241, 4.9913,48.1732, 0.0000, 0.5182, 0.5317, 0.1067, 0.1383, 0.0090, 0.5481, 0.2919, 5.7509,11.8674,79.1165, 0.9886,
2,1,1,2,3, 52,4,  0,   0,   0,  0.000, 1.2980, 8.9188, 4.9892,48.1548, 0.0000, 0.5179, 0.5324, 0.1066, 0.1385, 0.0083, 0.5486, 0.2917, 5.7608,11.8660,79.1200, 0.9886,
2,1,1,2,3, 53,4,  0,   0,   0,  0.000, 1.2832, 8.4527, 4.9871,48.1353, 0.0000, 0.5177, 0.5331, 0.1066, 0.1386, 0.0077, 0.5490, 0.2916, 5.7704,11.8651,79.1255, 0.9886,
2,1,1,2,3, 54,4,  0,   0,   0,  0.000, 1.2699, 8.0270, 4.9848,48.1147, 0.0000, 0.5174, 0.5337, 0.1066, 0.1388, 0.0071, 0.5494, 0.2914, 5.7798,11.8646,79.1328, 0.9886,
2,1,1,2,3, 55,4,  0,   0,   0,  0.000, 1.2579, 7.6407, 4.9824,48.0932, 0.0000, 0.5171, 0.5342, 0.1065, 0.1389, 0.0066, 0.5497, 0.2913, 5.7890,11.8645,79.1418, 0.9886,
2,1,1,2,3, 56,4,  0,   0,   0,  0.000, 1.2471, 7.2916, 4.9800,48.0710, 0.0000, 0.5168, 0.5347, 0.1065, 0.1390, 0.0062, 0.5500, 0.2911, 5.7980,11.8648,79.1522, 0.9886,
2,1,1,2,3, 57,4,  0,   0,   0,  0.000, 1.2375, 6.9773, 4.9776,48.0482, 0.0000, 0.5165, 0.5351, 0.1065, 0.1391, 0.0058, 0.5503, 0.2910, 5.8067,11.8654,79.1639, 0.9886,
2,1,1,2,3, 58,4,  0,   0,   0,  0.000, 1.2289, 6.6950, 4.9751,48.0250, 0.0000, 0.5163, 0.5355, 0.1065, 0.1392, 0.0054, 0.5506, 0.2908, 5.8153,11.8664,79.1767, 0.9886,
2,1,1,2,3, 59,4,  0,   0,   0,  0.000, 1.2212, 6.4419, 4.9726,48.0015, 0.0000, 0.5160, 0.5358, 0.1065, 0.1393, 0.0051, 0.5508, 0.2907, 5.8236,11.8676,79.1905, 0.9886,
2,1,1,2,3, 60,4,  0,   0,   0,  0.000, 1.2144, 6.2153, 4.9700,47.9778, 0.0000, 0.5157, 0.5361, 0.1064, 0.1394, 0.0048, 0.5510, 0.2905, 5.8317,11.8691,79.2050, 0.9886,
2,1,1,1,3,-18,4,  0,   0,   0,  0.000, 1.1682, 4.3960, 4.8703,47.0207, 0.0000, 0.5052, 0.5390, 0.1065, 0.1403, 0.0025, 0.5532, 0.2846, 6.0877,11.9921,79.9701, 0.0000,
2,1,1,1,3,-11,4,  0,   0,   0,  0.000, 0.6436, 1.0620, 9.6206,92.8102, 0.0000, 1.0000, 0.5484, 0.1116, 0.1468, 0.0018, 0.5660, 0.5677, 0.0000,10.6564,92.1065, 0.9886,
2,1,1,1,3,-10,4,  0,   0,   0,  0.000, 0.6509, 1.3633, 9.5529,92.2076, 0.0000, 0.9913, 0.5564, 0.0972, 0.1289, 0.0012, 0.5685, 0.5644, 0.1287,10.6999,78.9783, 0.9886,
2,1,1,1,3, -9,4,  0,   0,   0,  0.000, 0.6581, 1.4898, 9.4766,91.4709, 0.0000, 0.9834, 0.5512, 0.1115, 0.1476, 0.0013, 0.5641, 0.5557, 0.2499,10.7424,80.2929, 0.9886,
2,1,1,1,3, -8,4,  0,   0,   0,  0.000, 0.6680, 1.5775, 9.4022,90.7488, 0.0000, 0.9757, 0.5511, 0.1106, 0.1464, 0.0013, 0.5645, 0.5517, 0.3674,10.7876,81.7890, 0.9886,
2,1,1,1,3, -7,4,  0,   0,   0,  0.000, 0.6766, 1.6443, 9.3300,90.0499, 0.0000, 0.9682, 0.5509, 0.1107, 0.1465, 0.0013, 0.5645, 0.5475, 0.4816,10.8304,83.4963, 0.9886,
2,1,1,1,3, -6,4,  0,   0,   0,  0.000, 0.6846, 1.6891, 9.2596,89.3658, 0.0000, 0.9609, 0.5508, 0.1107, 0.1464, 0.0013, 0.5646, 0.5435, 0.5924,10.8715,85.4524, 0.9886,
2,1,1,1,3, -5,4,  0,   0,   0,  0.000, 0.6920, 1.6980, 9.1907,88.6941, 0.0000, 0.9539, 0.5508, 0.1107, 0.1461, 0.0012, 0.5650, 0.5399, 0.7000,10.9103,87.7053, 0.9886,
2,1,1,1,3, -4,4,  0,   0,   0,  0.000, 0.6914, 1.6674, 9.1966,88.7422, 0.0000, 0.9546, 0.5506, 0.1108, 0.1460, 0.0012, 0.5652, 0.5405, 0.6872,10.9039,90.3103, 0.9886,
2,1,1,1,3, -3,4,  0,   0,   0,  0.000, 0.6902, 1.6125, 9.2022,88.7882, 0.0000, 0.9553, 0.5504, 0.1108, 0.1459, 0.0012, 0.5653, 0.5410, 0.6746,10.8974,93.3815, 0.9886,
2,1,1,1,3, -2,4,  0,   0,   0,  0.000, 0.6898, 1.5636, 9.2020,88.7770, 0.0000, 0.9554, 0.5508, 0.1108, 0.1453, 0.0011, 0.5662, 0.5423, 0.6623,10.8896,96.9458, 0.9886,
2,1,1,1,3, -1,4,  0,   0,   0,  0.000, 0.1051, 0.7982, 9.3735,91.9879, 0.0000, 0.9557, 0.0263, 0.1110, 0.4351, 0.0011, 0.0320, 0.0084, 0.6504,10.1061,101.1822, 0.9886,
2,1,1,1,3,  0,4,  0,   0,   0,  0.000, 0.0995, 0.7324, 9.3912,92.1779, 0.0000, 0.9573, 0.0262, 0.0064, 0.0070, 0.0010, 0.0309, 0.0076, 0.6389,10.1035,107.2062, 0.9886,
2,1,1,1,3,  1,4,  0,   0,   0,  0.000, 4.1203,30.6056, 3.0624,23.4592, 5.4089, 0.4011, 0.7285, 0.0062, 0.0069, 0.4795, 0.2564, 0.2322, 5.5991,11.1965,95.6587, 0.9886,
2,1,1,1,3,  2,4,  0,   0,   0,  0.000, 4.0572,30.4967, 3.0557,23.4755, 5.2934, 0.3991, 0.6799, 0.1464, 0.0491, 0.4696, 0.2404, 0.2160, 5.6478,11.1826,96.8232, 0.9886,
2,1,1,1,3,  3,4,  0,   0,   0,  0.000, 4.1340,31.3895, 3.0014,23.0805, 5.3619, 0.3917, 0.6625, 0.1417, 0.0464, 0.4767, 0.2351, 0.2109, 5.7166,11.2502,97.4751, 0.9886,
2,1,1,1,3,  4,4,  0,   0,   0,  0.000, 4.1888,32.0740, 2.9611,22.7919, 5.4046, 0.3861, 0.6456, 0.1422, 0.0464, 0.4810, 0.2307, 0.2064, 5.7766,11.3257,98.1856, 0.9886,
2,1,1,1,3,  5,4,  0,   0,   0,  0.000, 4.2388,32.7562, 2.9266,22.5450, 5.4411, 0.3813, 0.6304, 0.1423, 0.0467, 0.4842, 0.2277, 0.2026, 5.8323,11.4125,98.9031, 0.9886,
2,1,1,1,3,  6,4,  0,   0,   0,  0.000, 4.2873,33.4929, 2.8952,22.3203, 5.4744, 0.3770, 0.6166, 0.1423, 0.0469, 0.4865, 0.2257, 0.1992, 5.8848,11.5076,99.6080, 0.9886,
2,1,1,1,3,  7,4,  0,   0,   0,  0.000, 4.3391,34.3265, 2.8627,22.0846, 5.5102, 0.3725, 0.6043, 0.1424, 0.0467, 0.4886, 0.2245, 0.1962, 5.9346,11.6067,100.2834, 0.9886,
2,1,1,1,3,  8,4,  0,   0,   0,  0.000, 4.4008,35.3055, 2.8220,21.7820, 5.5584, 0.3671, 0.5941, 0.1425, 0.0455, 0.4914, 0.2240, 0.1934, 5.9821,11.7044,100.9152, 0.9886,
2,1,1,1,3,  9,4,  0,   0,   0,  0.000, 4.4585,36.3112, 2.7862,21.5185, 5.5994, 0.3622, 0.5839, 0.1429, 0.0449, 0.4934, 0.2237, 0.1907, 6.0276,11.8050,101.4876, 0.9886,
2,1,1,1,3, 10,4,  0,   0,   0,  0.000, 4.6008,38.0266, 2.6680,20.6110, 5.7634, 0.3469, 0.5849, 0.1432, 0.0395, 0.5060, 0.2233, 0.1877, 6.0746,11.8689,102.0092, 0.9886,
2,1,1,1,3, 11,4,  0,   0,   0,  0.000, 4.8395,40.6271, 2.3407,18.0702, 6.0776, 0.3047, 0.5863, 0.1455, 0.0282, 0.5321, 0.2103, 0.1720, 6.1157,11.7608,101.5563, 0.9886,
2,1,1,1,3, 12,4,  0,   0,   0,  0.000, 4.6271,39.5777, 2.6800,20.7542, 5.7127, 0.3476, 0.5497, 0.1506, 0.0546, 0.4979, 0.2205, 0.1794, 6.1550,12.0927,102.9891, 0.9886,
2,1,1,1,3, 13,4,  0,   0,   0,  0.000, 4.6135,40.0370, 2.9617,25.2195, 5.6375, 0.3532, 0.5403, 0.1436, 0.0478, 0.4892, 0.2290, 0.1839, 6.1862,12.4668,103.8309, 0.9886,
2,1,1,1,3, 14,4,  0,   0,   0,  0.000, 4.6417,40.8881, 2.9463,25.0774, 5.6316, 0.3515, 0.5314, 0.1432, 0.0481, 0.4867, 0.2312, 0.1824, 6.2192,12.5571,104.2225, 0.9886,
2,1,1,1,3, 15,4,  0,   0,   0,  0.000, 4.6692,41.7251, 2.9315,24.9407, 5.6255, 0.3499, 0.5230, 0.1430, 0.0484, 0.4843, 0.2334, 0.1810, 6.2508,12.6439,104.5737, 0.9886,
2,1,1,1,3, 16,4,  0,   0,   0,  0.000, 4.6959,42.5415, 2.9174,24.8092, 5.6196, 0.3484, 0.5152, 0.1429, 0.0486, 0.4819, 0.2356, 0.1797, 6.2813,12.7268,104.8810, 0.9886,
2,1,1,1,3, 17,4,  0,   0,   0,  0.000, 4.7218,43.3325, 2.9038,24.6822, 5.6140, 0.3469, 0.5078, 0.1428, 0.0488, 0.4797, 0.2377, 0.1785, 6.3105,12.8058,105.1422, 0.9886,
2,1,1,1,3, 18,4,  0,   0,   0,  0.000, 4.7467,44.0942, 2.8907,24.5593, 5.6088, 0.3455, 0.5009, 0.1427, 0.0489, 0.4776, 0.2398, 0.1774, 6.3387,12.8809,105.3548, 0.9886,
2,1,1,1,3, 19,4,  0,   0,   0,  0.000, 4.7707,44.8240, 2.8780,24.4403, 5.6038, 0.3442, 0.4943, 0.1427, 0.0489, 0.4757, 0.2417, 0.1764, 6.3658,12.9523,105.5159, 0.9886,
2,1,1,1,3, 20,4,  0,   0,   0,  0.000, 4.7937,45.5201, 2.8658,24.3251, 5.5992, 0.3429, 0.4882, 0.1426, 0.0490, 0.4738, 0.2436, 0.1755, 6.3919,13.0200,105.6215, 0.9886,
2,1,1,1,3, 21,4,  0,   0,   0,  0.000, 4.8156,46.1816, 2.8540,24.2137, 5.5949, 0.3416, 0.4823, 0.1426, 0.0490, 0.4721, 0.2454, 0.1746, 6.4170,13.0843,105.6671, 0.9886,
2,1,1,1,3, 22,4,  0,   0,   0,  0.000, 4.8365,46.8083, 2.8426,24.1061, 5.5908, 0.3404, 0.4768, 0.1425, 0.0490, 0.4705, 0.2471, 0.1738, 6.4411,13.1452,105.6467, 0.9886,
2,1,1,1,3, 23,4,  0,   0,   0,  0.000, 4.8564,47.4001, 2.8316,24.0024, 5.5870, 0.3393, 0.4716, 0.1425, 0.0489, 0.4690, 0.2487, 0.1730, 6.4644,13.2030,105.5532, 0.9886,
2,1,1,1,3, 24,4,  0,   0,   0,  0.000, 4.8752,47.9577, 2.8212,23.9030, 5.5833, 0.3382, 0.4666, 0.1425, 0.0489, 0.4676, 0.2502, 0.1722, 6.4868,13.2578,105.3781, 0.9886,
2,1,1,1,3, 25,4,  0,   0,   0,  0.000, 4.8930,48.4818, 2.8112,23.8082, 5.5797, 0.3371, 0.4620, 0.1425, 0.0488, 0.4663, 0.2517, 0.1716, 6.5083,13.3099,105.1108, 0.9886,
2,1,1,1,3, 26,4,  0,   0,   0,  0.000, 4.9098,48.9733, 2.8019,23.7184, 5.5761, 0.3362, 0.4576, 0.1424, 0.0488, 0.4650, 0.2531, 0.1710, 6.5289,13.3595,104.7387, 0.9886,
2,1,1,1,3, 27,4,  0,   0,   0,  0.000, 4.9254,49.4326, 2.7933,23.6346, 5.5723, 0.3353, 0.4534, 0.1424, 0.0487, 0.4638, 0.2545, 0.1705, 6.5485,13.4067,104.2470, 0.9886,
2,1,1,1,3, 28,4,  0,   0,   0,  0.000, 4.9399,49.8602, 2.7856,23.5581, 5.5681, 0.3345, 0.4495, 0.1424, 0.0486, 0.4626, 0.2559, 0.1701, 6.5672,13.4518,103.6178, 0.9886,
2,1,1,1,3, 29,4,  0,   0,   0,  0.000, 4.9530,50.2552, 2.7790,23.4904, 5.5630, 0.3339, 0.4458, 0.1424, 0.0485, 0.4613, 0.2574, 0.1698, 6.5848,13.4949,102.8301, 0.9886,
2,1,1,1,3, 30,4,  0,   0,   0,  0.000, 4.9642,50.6150, 2.7740,23.4346, 5.5561, 0.3335, 0.4423, 0.1424, 0.0485, 0.4600, 0.2590, 0.1697, 6.6009,13.5360,101.8581, 0.9886,
2,1,1,1,3, 31,4,  0,   0,   0,  0.000, 4.9726,50.9329, 2.7708,23.3935, 5.5458, 0.3334, 0.4389, 0.1424, 0.0484, 0.4584, 0.2607, 0.1699, 6.6148,13.5744,100.6682, 0.9886,
2,1,1,1,3, 32,4,  0,   0,   0,  0.000, 4.9781,51.2090, 2.7704,23.3728, 5.5321, 0.3335, 0.4357, 0.1424, 0.0484, 0.4566, 0.2627, 0.1704, 6.6267,13.6113,99.2386, 0.9886,
2,1,1,1,3, 33,4,  0,   0,   0,  0.000, 4.9803,51.4322, 2.7770,23.4068, 5.5154, 0.3347, 0.4334, 0.1424, 0.0487, 0.4545, 0.2650, 0.1713, 6.6390,13.6533,97.5830, 0.9886,
2,1,1,1,3, 34,4,  0,   0,   0,  0.000, 4.9810,51.6312, 2.7916,23.5023, 5.4959, 0.3368, 0.4314, 0.1423, 0.0481, 0.4523, 0.2677, 0.1727, 6.6388,13.6891,95.5397, 0.9886,
2,1,1,1,3, 35,4,  0,   0,   0,  0.000, 5.0002,51.9223, 2.8002,23.5524, 5.5039, 0.3382, 0.4315, 0.1422, 0.0469, 0.4527, 0.2704, 0.1744, 6.6627,13.7483,93.4059, 0.9886,
2,1,1,1,3, 36,4,  0,   0,   0,  0.000, 4.9114,51.0124, 2.8370,23.8226, 5.3951, 0.3431, 0.4295, 0.1425, 0.0531, 0.4425, 0.2730, 0.1767, 6.6565,13.7364,90.7229, 0.9886,
2,1,1,1,3, 37,4,  0,   0,   0,  0.000, 4.9495,51.7838, 2.8525,23.9121, 5.3977, 0.3457, 0.4316, 0.1411, 0.0489, 0.4430, 0.2790, 0.1812, 6.6606,13.8011,87.8332, 0.9886,
2,1,1,1,3, 38,4,  0,   0,   0,  0.000, 3.2919,38.4841, 4.0135,36.7275, 2.0272, 0.4447, 0.3882, 0.1380, 0.1255, 0.2020, 0.4175, 0.2400, 6.0359,12.6403,84.7427, 0.9886,
2,1,1,1,3, 39,4,  0,   0,   0,  0.000, 3.0423,40.2650, 4.3240,40.2094, 1.2032, 0.4707, 0.4082, 0.1187, 0.1136, 0.1492, 0.4590, 0.2599, 5.8969,12.4825,83.9265, 0.9886,
2,1,1,1,3, 40,4,  0,   0,   0,  0.000, 2.9401,41.6696, 4.4434,41.5903, 0.9178, 0.4802, 0.4283, 0.1166, 0.1134, 0.1297, 0.4729, 0.2671, 5.8539,12.4457,83.4306, 0.9886,
2,1,1,1,3, 41,4,  0,   0,   0,  0.000, 2.8483,41.7657, 4.5046,42.3187, 0.7845, 0.4848, 0.4451, 0.1155, 0.1142, 0.1181, 0.4806, 0.2706, 5.8384,12.4231,82.9936, 0.9886,
2,1,1,1,3, 42,4,  0,   0,   0,  0.000, 2.7482,40.8675, 4.5468,42.8214, 0.7019, 0.4879, 0.4583, 0.1148, 0.1158, 0.1087, 0.4863, 0.2728, 5.8317,12.3973,82.5683, 0.9886,
2,1,1,1,3, 43,4,  0,   0,   0,  0.000, 2.6413,39.3334, 4.5830,43.2442, 0.6375, 0.4906, 0.4686, 0.1141, 0.1177, 0.1001, 0.4914, 0.2745, 5.8283,12.3681,82.1493, 0.9886,
2,1,1,1,3, 44,4,  0,   0,   0,  0.000, 2.5321,37.4350, 4.6172,43.6387, 0.5797, 0.4932, 0.4769, 0.1134, 0.1196, 0.0919, 0.4962, 0.2761, 5.8255,12.3356,81.7326, 0.9886,
2,1,1,1,3, 45,4,  0,   0,   0,  0.000, 2.4221,35.3340, 4.6516,44.0452, 0.5205, 0.4957, 0.4838, 0.1128, 0.1216, 0.0837, 0.5012, 0.2777, 5.8232,12.3013,81.3390, 0.9886,
2,1,1,1,3, 46,4,  0,   0,   0,  0.000, 2.3085,33.1048, 4.6883,44.4745, 0.4529, 0.4984, 0.4894, 0.1121, 0.1239, 0.0751, 0.5064, 0.2795, 5.8188,12.2628,80.9581, 0.9886,
2,1,1,1,3, 47,4,  0,   0,   0,  0.000, 2.1809,30.7632, 4.7494,45.2236, 0.3401, 0.5026, 0.4941, 0.1114, 0.1265, 0.0637, 0.5140, 0.2825, 5.8064,12.2199,80.6234, 0.9886,
2,1,1,1,3, 48,4,  0,   0,   0,  0.000, 1.9698,27.7353, 4.8914,47.0429, 0.0611, 0.5112, 0.4954, 0.1105, 0.1330, 0.0398, 0.5284, 0.2878, 5.7668,12.1561,80.3705, 0.9886,
2,1,1,1,3, 49,4,  0,   0,   0,  0.000, 1.8821,25.9536, 4.9219,47.4223, 0.0000, 0.5131, 0.5013, 0.1087, 0.1327, 0.0329, 0.5333, 0.2893, 5.7649,12.1241,80.2401, 0.9886,
2,1,1,1,3, 50,4,  0,   0,   0,  0.000, 1.8210,24.3252, 4.9259,47.4752, 0.0000, 0.5133, 0.5068, 0.1083, 0.1329, 0.0302, 0.5351, 0.2895, 5.7724,12.1035,80.1398, 0.9886,
2,1,1,1,3, 51,4,  0,   0,   0,  0.000, 1.7595,22.6448, 4.9301,47.5268, 0.0000, 0.5135, 0.5110, 0.1082, 0.1336, 0.0275, 0.5367, 0.2896, 5.7795,12.0824,80.0459, 0.9886,
2,1,1,1,3, 52,4,  0,   0,   0,  0.000, 1.7013,21.0094, 4.9339,47.5729, 0.0000, 0.5137, 0.5145, 0.1080, 0.1343, 0.0250, 0.5382, 0.2896, 5.7865,12.0622,79.9606, 0.9886,
2,1,1,1,3, 53,4,  0,   0,   0,  0.000, 1.6473,19.4580, 4.9373,47.6128, 0.0000, 0.5138, 0.5174, 0.1078, 0.1349, 0.0227, 0.5397, 0.2897, 5.7935,12.0434,79.8841, 0.9886,
2,1,1,1,3, 54,4,  0,   0,   0,  0.000, 1.5978,18.0083, 4.9401,47.6462, 0.0000, 0.5140, 0.5198, 0.1077, 0.1354, 0.0206, 0.5410, 0.2898, 5.8005,12.0261,79.8163, 0.9886,
2,1,1,1,3, 55,4,  0,   0,   0,  0.000, 1.5527,16.6673, 4.9423,47.6736, 0.0000, 0.5140, 0.5219, 0.1075, 0.1359, 0.0187, 0.5422, 0.2898, 5.8075,12.0105,79.7566, 0.9886,
2,1,1,1,3, 56,4,  0,   0,   0,  0.000, 1.5119,15.4357, 4.9441,47.6953, 0.0000, 0.5141, 0.5238, 0.1074, 0.1364, 0.0170, 0.5432, 0.2898, 5.8145,11.9965,79.7045, 0.9886,
2,1,1,1,3, 57,4,  0,   0,   0,  0.000, 1.4749,14.3108, 4.9454,47.7121, 0.0000, 0.5141, 0.5254, 0.1073, 0.1368, 0.0154, 0.5442, 0.2898, 5.8215,11.9840,79.6596, 0.9886,
2,1,1,1,3, 58,4,  0,   0,   0,  0.000, 1.4417,13.2879, 4.9463,47.7244, 0.0000, 0.5141, 0.5269, 0.1072, 0.1371, 0.0140, 0.5451, 0.2897, 5.8284,11.9730,79.6211, 0.9886,
2,1,1,1,3, 59,4,  0,   0,   0,  0.000, 1.4118,12.3609, 4.9468,47.7327, 0.0000, 0.5140, 0.5282, 0.1071, 0.1375, 0.0128, 0.5459, 0.2897, 5.8353,11.9633,79.5885, 0.9886,
2,1,1,1,3, 60,4,  0,   0,   0,  0.000, 1.3849,11.5233, 4.9470,47.7375, 0.0000, 0.5139, 0.5293, 0.1070, 0.1377, 0.0117, 0.5466, 0.2897, 5.8421,11.9549,79.5612, 0.9886,
